ARM GAS  /tmp/cctKnHFV.s 			page 1


   1              		.cpu cortex-m3
   2              		.eabi_attribute 20, 1
   3              		.eabi_attribute 21, 1
   4              		.eabi_attribute 23, 3
   5              		.eabi_attribute 24, 1
   6              		.eabi_attribute 25, 1
   7              		.eabi_attribute 26, 1
   8              		.eabi_attribute 30, 1
   9              		.eabi_attribute 34, 1
  10              		.eabi_attribute 18, 4
  11              		.file	"main.c"
  12              		.text
  13              	.Ltext0:
  14              		.cfi_sections	.debug_frame
  15              		.section	.text.MX_GPIO_Init,"ax",%progbits
  16              		.align	1
  17              		.arch armv7-m
  18              		.syntax unified
  19              		.thumb
  20              		.thumb_func
  21              		.fpu softvfp
  23              	MX_GPIO_Init:
  24              	.LFB76:
  25              		.file 1 "Core/Src/main.c"
   1:Core/Src/main.c **** /* USER CODE BEGIN Header */
   2:Core/Src/main.c **** /**
   3:Core/Src/main.c ****   ******************************************************************************
   4:Core/Src/main.c ****   * @file           : main.c
   5:Core/Src/main.c ****   * @brief          : Main program body
   6:Core/Src/main.c ****   ******************************************************************************
   7:Core/Src/main.c ****   * @attention
   8:Core/Src/main.c ****   *
   9:Core/Src/main.c ****   * Copyright (c) 2026 STMicroelectronics.
  10:Core/Src/main.c ****   * All rights reserved.
  11:Core/Src/main.c ****   *
  12:Core/Src/main.c ****   * This software is licensed under terms that can be found in the LICENSE file
  13:Core/Src/main.c ****   * in the root directory of this software component.
  14:Core/Src/main.c ****   * If no LICENSE file comes with this software, it is provided AS-IS.
  15:Core/Src/main.c ****   *
  16:Core/Src/main.c ****   ******************************************************************************
  17:Core/Src/main.c ****   */
  18:Core/Src/main.c **** /* USER CODE END Header */
  19:Core/Src/main.c **** /* Includes ------------------------------------------------------------------*/
  20:Core/Src/main.c **** #include "main.h"
  21:Core/Src/main.c **** 
  22:Core/Src/main.c **** /* Private includes ----------------------------------------------------------*/
  23:Core/Src/main.c **** /* USER CODE BEGIN Includes */
  24:Core/Src/main.c **** 
  25:Core/Src/main.c **** /* USER CODE END Includes */
  26:Core/Src/main.c **** 
  27:Core/Src/main.c **** /* Private typedef -----------------------------------------------------------*/
  28:Core/Src/main.c **** /* USER CODE BEGIN PTD */
  29:Core/Src/main.c **** 
  30:Core/Src/main.c **** /* USER CODE END PTD */
  31:Core/Src/main.c **** 
  32:Core/Src/main.c **** /* Private define ------------------------------------------------------------*/
  33:Core/Src/main.c **** /* USER CODE BEGIN PD */
ARM GAS  /tmp/cctKnHFV.s 			page 2


  34:Core/Src/main.c **** 
  35:Core/Src/main.c **** /* USER CODE END PD */
  36:Core/Src/main.c **** 
  37:Core/Src/main.c **** /* Private macro -------------------------------------------------------------*/
  38:Core/Src/main.c **** /* USER CODE BEGIN PM */
  39:Core/Src/main.c **** 
  40:Core/Src/main.c **** /* USER CODE END PM */
  41:Core/Src/main.c **** 
  42:Core/Src/main.c **** /* Private variables ---------------------------------------------------------*/
  43:Core/Src/main.c **** SPI_HandleTypeDef hspi1;
  44:Core/Src/main.c **** 
  45:Core/Src/main.c **** /* USER CODE BEGIN PV */
  46:Core/Src/main.c **** #define TFT_CS_LOW()    HAL_GPIO_WritePin(TFT_CS_GPIO_Port, TFT_CS_Pin, GPIO_PIN_RESET)
  47:Core/Src/main.c **** #define TFT_CS_HIGH()   HAL_GPIO_WritePin(TFT_CS_GPIO_Port, TFT_CS_Pin, GPIO_PIN_SET)
  48:Core/Src/main.c **** #define TFT_DC_CMD()    HAL_GPIO_WritePin(TFT_DC_GPIO_Port, TFT_DC_Pin, GPIO_PIN_RESET)
  49:Core/Src/main.c **** #define TFT_DC_DATA()   HAL_GPIO_WritePin(TFT_DC_GPIO_Port, TFT_DC_Pin, GPIO_PIN_SET)
  50:Core/Src/main.c **** #define TFT_RES_LOW()   HAL_GPIO_WritePin(TFT_RES_GPIO_Port, TFT_RES_Pin, GPIO_PIN_RESET)
  51:Core/Src/main.c **** #define TFT_RES_HIGH()  HAL_GPIO_WritePin(TFT_RES_GPIO_Port, TFT_RES_Pin, GPIO_PIN_SET)
  52:Core/Src/main.c **** #define TFT_BLACK       0x0000
  53:Core/Src/main.c **** #define TFT_WHITE       0xFFFF
  54:Core/Src/main.c **** #define TFT_RED         0xF800
  55:Core/Src/main.c **** #define TFT_GREEN       0x07E0
  56:Core/Src/main.c **** #define TFT_BLUE        0x001F
  57:Core/Src/main.c **** #define TFT_YELLOW      0xFFE0
  58:Core/Src/main.c **** 
  59:Core/Src/main.c **** #define TFT_WIDTH       128
  60:Core/Src/main.c **** #define TFT_HEIGHT      160
  61:Core/Src/main.c **** const uint8_t Font5x7[][5] = {
  62:Core/Src/main.c ****     {0x00, 0x00, 0x00, 0x00, 0x00}, // Khoảng trắng ' '
  63:Core/Src/main.c ****     {0x00, 0x00, 0x5F, 0x00, 0x00}, // !
  64:Core/Src/main.c ****     {0x00, 0x07, 0x00, 0x07, 0x00}, // "
  65:Core/Src/main.c ****     {0x14, 0x7F, 0x14, 0x7F, 0x14}, // #
  66:Core/Src/main.c ****     {0x24, 0x2A, 0x7F, 0x2A, 0x12}, // $
  67:Core/Src/main.c ****     {0x23, 0x13, 0x08, 0x64, 0x62}, // %
  68:Core/Src/main.c ****     {0x36, 0x49, 0x55, 0x22, 0x50}, // &
  69:Core/Src/main.c ****     {0x00, 0x05, 0x03, 0x00, 0x00}, // '
  70:Core/Src/main.c ****     {0x00, 0x1C, 0x22, 0x41, 0x00}, // (
  71:Core/Src/main.c ****     {0x00, 0x41, 0x22, 0x1C, 0x00}, // )
  72:Core/Src/main.c ****     {0x14, 0x08, 0x3E, 0x08, 0x14}, // *
  73:Core/Src/main.c ****     {0x08, 0x08, 0x3E, 0x08, 0x08}, // +
  74:Core/Src/main.c ****     {0x00, 0x50, 0x30, 0x00, 0x00}, // ,
  75:Core/Src/main.c ****     {0x08, 0x08, 0x08, 0x08, 0x08}, // -
  76:Core/Src/main.c ****     {0x00, 0x60, 0x60, 0x00, 0x00}, // .
  77:Core/Src/main.c ****     {0x20, 0x10, 0x08, 0x04, 0x02}, // /
  78:Core/Src/main.c ****     {0x3E, 0x51, 0x49, 0x45, 0x3E}, // 0
  79:Core/Src/main.c ****     {0x00, 0x42, 0x7F, 0x40, 0x00}, // 1
  80:Core/Src/main.c ****     {0x42, 0x61, 0x51, 0x49, 0x46}, // 2
  81:Core/Src/main.c ****     {0x21, 0x41, 0x45, 0x4B, 0x31}, // 3
  82:Core/Src/main.c ****     {0x18, 0x14, 0x12, 0x7F, 0x10}, // 4
  83:Core/Src/main.c ****     {0x27, 0x45, 0x45, 0x45, 0x39}, // 5
  84:Core/Src/main.c ****     {0x3C, 0x4A, 0x49, 0x49, 0x30}, // 6
  85:Core/Src/main.c ****     {0x01, 0x71, 0x09, 0x05, 0x03}, // 7
  86:Core/Src/main.c ****     {0x36, 0x49, 0x49, 0x49, 0x36}, // 8
  87:Core/Src/main.c ****     {0x06, 0x49, 0x49, 0x29, 0x1E}, // 9
  88:Core/Src/main.c ****     {0x00, 0x36, 0x36, 0x00, 0x00}, // :
  89:Core/Src/main.c ****     {0x00, 0x56, 0x36, 0x00, 0x00}, // ;
  90:Core/Src/main.c ****     {0x08, 0x14, 0x22, 0x41, 0x80}, // <
ARM GAS  /tmp/cctKnHFV.s 			page 3


  91:Core/Src/main.c ****     {0x14, 0x14, 0x14, 0x14, 0x14}, // =
  92:Core/Src/main.c ****     {0x80, 0x41, 0x22, 0x14, 0x08}, // >
  93:Core/Src/main.c ****     {0x02, 0x01, 0x51, 0x09, 0x06}, // ?
  94:Core/Src/main.c ****     {0x32, 0x49, 0x79, 0x41, 0x3E}, // @
  95:Core/Src/main.c ****     {0x7E, 0x11, 0x11, 0x11, 0x7E}, // A
  96:Core/Src/main.c ****     {0x7F, 0x49, 0x49, 0x49, 0x36}, // B
  97:Core/Src/main.c ****     {0x3E, 0x41, 0x41, 0x41, 0x22}, // C
  98:Core/Src/main.c ****     {0x7F, 0x41, 0x41, 0x22, 0x1C}, // D
  99:Core/Src/main.c ****     {0x7F, 0x49, 0x49, 0x49, 0x41}, // E
 100:Core/Src/main.c ****     {0x7F, 0x09, 0x09, 0x09, 0x01}, // F
 101:Core/Src/main.c ****     {0x3E, 0x41, 0x49, 0x49, 0x7A}, // G
 102:Core/Src/main.c ****     {0x7F, 0x08, 0x08, 0x08, 0x7F}, // H
 103:Core/Src/main.c ****     {0x00, 0x41, 0x7F, 0x41, 0x00}, // I
 104:Core/Src/main.c ****     {0x20, 0x40, 0x41, 0x3F, 0x01}, // J
 105:Core/Src/main.c ****     {0x7F, 0x08, 0x14, 0x22, 0x41}, // K
 106:Core/Src/main.c ****     {0x7F, 0x40, 0x40, 0x40, 0x40}, // L
 107:Core/Src/main.c ****     {0x7F, 0x02, 0x0C, 0x02, 0x7F}, // M
 108:Core/Src/main.c ****     {0x7F, 0x04, 0x08, 0x10, 0x7F}, // N
 109:Core/Src/main.c ****     {0x3E, 0x41, 0x41, 0x41, 0x3E}, // O
 110:Core/Src/main.c ****     {0x7F, 0x09, 0x09, 0x09, 0x06}, // P
 111:Core/Src/main.c ****     {0x3E, 0x41, 0x51, 0x21, 0x5E}, // Q
 112:Core/Src/main.c ****     {0x7F, 0x09, 0x19, 0x29, 0x46}, // R
 113:Core/Src/main.c ****     {0x46, 0x49, 0x49, 0x49, 0x31}, // S
 114:Core/Src/main.c ****     {0x01, 0x01, 0x7F, 0x01, 0x01}, // T
 115:Core/Src/main.c ****     {0x3F, 0x40, 0x40, 0x40, 0x3F}, // U
 116:Core/Src/main.c ****     {0x1F, 0x20, 0x40, 0x20, 0x1F}, // V
 117:Core/Src/main.c ****     {0x3F, 0x40, 0x38, 0x40, 0x3F}, // W
 118:Core/Src/main.c ****     {0x63, 0x14, 0x08, 0x14, 0x63}, // X
 119:Core/Src/main.c ****     {0x07, 0x08, 0x70, 0x08, 0x07}, // Y
 120:Core/Src/main.c ****     {0x61, 0x51, 0x49, 0x45, 0x43}, // Z
 121:Core/Src/main.c ****     {0x00, 0x7F, 0x41, 0x41, 0x00}, // [
 122:Core/Src/main.c ****     {0x02, 0x04, 0x08, 0x10, 0x20}, // \
 123:Core/Src/main.c ****     {0x00, 0x41, 0x41, 0x7F, 0x00}, // ]
 124:Core/Src/main.c ****     {0x04, 0x02, 0x01, 0x02, 0x04}, // ^
 125:Core/Src/main.c ****     {0x40, 0x40, 0x40, 0x40, 0x40}, // _
 126:Core/Src/main.c ****     {0x00, 0x01, 0x02, 0x04, 0x00}, // `
 127:Core/Src/main.c ****     {0x20, 0x54, 0x54, 0x54, 0x78}, // a
 128:Core/Src/main.c ****     {0x7F, 0x48, 0x44, 0x44, 0x38}, // b
 129:Core/Src/main.c ****     {0x38, 0x44, 0x44, 0x44, 0x20}, // c
 130:Core/Src/main.c ****     {0x38, 0x44, 0x44, 0x48, 0x7F}, // d
 131:Core/Src/main.c ****     {0x38, 0x54, 0x54, 0x54, 0x18}, // e
 132:Core/Src/main.c ****     {0x08, 0x7E, 0x09, 0x01, 0x02}, // f
 133:Core/Src/main.c ****     {0x0C, 0x52, 0x52, 0x52, 0x3E}, // g
 134:Core/Src/main.c ****     {0x7F, 0x08, 0x04, 0x04, 0x78}, // h
 135:Core/Src/main.c ****     {0x00, 0x44, 0x7D, 0x40, 0x00}, // i
 136:Core/Src/main.c ****     {0x20, 0x40, 0x44, 0x3D, 0x00}, // j
 137:Core/Src/main.c ****     {0x7F, 0x10, 0x28, 0x44, 0x00}, // k
 138:Core/Src/main.c ****     {0x00, 0x41, 0x7F, 0x40, 0x00}, // l
 139:Core/Src/main.c ****     {0x7C, 0x04, 0x18, 0x04, 0x78}, // m
 140:Core/Src/main.c ****     {0x7C, 0x08, 0x04, 0x04, 0x78}, // n
 141:Core/Src/main.c ****     {0x38, 0x44, 0x44, 0x44, 0x38}, // o
 142:Core/Src/main.c ****     {0x7C, 0x14, 0x14, 0x14, 0x08}, // p
 143:Core/Src/main.c ****     {0x08, 0x14, 0x14, 0x18, 0x7C}, // q
 144:Core/Src/main.c ****     {0x7C, 0x08, 0x04, 0x04, 0x08}, // r
 145:Core/Src/main.c ****     {0x48, 0x54, 0x54, 0x54, 0x20}, // s
 146:Core/Src/main.c ****     {0x04, 0x3F, 0x44, 0x40, 0x20}, // t
 147:Core/Src/main.c ****     {0x3C, 0x40, 0x40, 0x20, 0x7C}, // u
ARM GAS  /tmp/cctKnHFV.s 			page 4


 148:Core/Src/main.c ****     {0x1C, 0x20, 0x40, 0x20, 0x1C}, // v
 149:Core/Src/main.c ****     {0x3C, 0x40, 0x30, 0x40, 0x3C}, // w
 150:Core/Src/main.c ****     {0x44, 0x28, 0x10, 0x28, 0x44}, // x
 151:Core/Src/main.c ****     {0x0C, 0x50, 0x50, 0x50, 0x3C}, // y
 152:Core/Src/main.c ****     {0x44, 0x64, 0x54, 0x4C, 0x44}  // z
 153:Core/Src/main.c **** };
 154:Core/Src/main.c **** /* USER CODE END PV */
 155:Core/Src/main.c **** 
 156:Core/Src/main.c **** /* Private function prototypes -----------------------------------------------*/
 157:Core/Src/main.c **** void SystemClock_Config(void);
 158:Core/Src/main.c **** static void MX_GPIO_Init(void);
 159:Core/Src/main.c **** static void MX_SPI1_Init(void);
 160:Core/Src/main.c **** /* USER CODE BEGIN PFP */
 161:Core/Src/main.c **** 
 162:Core/Src/main.c **** /* USER CODE END PFP */
 163:Core/Src/main.c **** 
 164:Core/Src/main.c **** /* Private user code ---------------------------------------------------------*/
 165:Core/Src/main.c **** /* USER CODE BEGIN 0 */
 166:Core/Src/main.c **** void TFT_WriteCmd(uint8_t cmd) {
 167:Core/Src/main.c ****     TFT_DC_CMD();
 168:Core/Src/main.c ****     TFT_CS_LOW();
 169:Core/Src/main.c ****     HAL_SPI_Transmit(&hspi1, &cmd, 1, HAL_MAX_DELAY);
 170:Core/Src/main.c ****     TFT_CS_HIGH();
 171:Core/Src/main.c **** }
 172:Core/Src/main.c **** 
 173:Core/Src/main.c **** void TFT_WriteData(uint8_t data) {
 174:Core/Src/main.c ****     TFT_DC_DATA();
 175:Core/Src/main.c ****     TFT_CS_LOW();
 176:Core/Src/main.c ****     HAL_SPI_Transmit(&hspi1, &data, 1, HAL_MAX_DELAY);
 177:Core/Src/main.c ****     TFT_CS_HIGH();
 178:Core/Src/main.c **** }
 179:Core/Src/main.c **** 
 180:Core/Src/main.c **** void TFT_SetAddressWindow(uint16_t x0, uint16_t y0, uint16_t x1, uint16_t y1) {
 181:Core/Src/main.c ****     TFT_WriteCmd(0x2A); // CASET
 182:Core/Src/main.c ****     TFT_WriteData(x0 >> 8);
 183:Core/Src/main.c ****     TFT_WriteData(x0 & 0xFF);
 184:Core/Src/main.c ****     TFT_WriteData(x1 >> 8);
 185:Core/Src/main.c ****     TFT_WriteData(x1 & 0xFF);
 186:Core/Src/main.c **** 
 187:Core/Src/main.c ****     TFT_WriteCmd(0x2B); // RASET
 188:Core/Src/main.c ****     TFT_WriteData(y0 >> 8);
 189:Core/Src/main.c ****     TFT_WriteData(y0 & 0xFF);
 190:Core/Src/main.c ****     TFT_WriteData(y1 >> 8);
 191:Core/Src/main.c ****     TFT_WriteData(y1 & 0xFF);
 192:Core/Src/main.c **** 
 193:Core/Src/main.c ****     TFT_WriteCmd(0x2C); // RAMWR
 194:Core/Src/main.c **** }
 195:Core/Src/main.c **** 
 196:Core/Src/main.c **** void TFT_Init(void) {
 197:Core/Src/main.c ****     // Reset phần cứng
 198:Core/Src/main.c ****     TFT_RES_LOW();
 199:Core/Src/main.c ****     HAL_Delay(50);
 200:Core/Src/main.c ****     TFT_RES_HIGH();
 201:Core/Src/main.c ****     HAL_Delay(50);
 202:Core/Src/main.c **** 
 203:Core/Src/main.c ****     TFT_WriteCmd(0x01); // SWRESET
 204:Core/Src/main.c ****     HAL_Delay(150);
ARM GAS  /tmp/cctKnHFV.s 			page 5


 205:Core/Src/main.c **** 
 206:Core/Src/main.c ****     TFT_WriteCmd(0x11); // SLPOUT (Thoát Sleep mode)
 207:Core/Src/main.c ****     HAL_Delay(200);
 208:Core/Src/main.c **** 
 209:Core/Src/main.c ****     // Cấu hình định dạng màu 16-bit (RGB565)
 210:Core/Src/main.c ****     TFT_WriteCmd(0x3A);
 211:Core/Src/main.c ****     TFT_WriteData(0x05);
 212:Core/Src/main.c **** 
 213:Core/Src/main.c ****     // Cấu hình hướng quét hiển thị (MADCTL)
 214:Core/Src/main.c ****     TFT_WriteCmd(0x36);
 215:Core/Src/main.c ****     TFT_WriteData(0xC0); // Tùy module có thể là 0x00, 0xC8, hoặc 0xA0
 216:Core/Src/main.c **** 
 217:Core/Src/main.c ****     TFT_WriteCmd(0x29); // DISPON (Bật hiển thị)
 218:Core/Src/main.c ****     HAL_Delay(100);
 219:Core/Src/main.c **** }
 220:Core/Src/main.c **** 
 221:Core/Src/main.c **** void TFT_DrawPixel(uint16_t x, uint16_t y, uint16_t color) {
 222:Core/Src/main.c ****     if (x >= TFT_WIDTH || y >= TFT_HEIGHT) return;
 223:Core/Src/main.c ****     TFT_SetAddressWindow(x, y, x, y);
 224:Core/Src/main.c ****     TFT_DC_DATA();
 225:Core/Src/main.c ****     TFT_CS_LOW();
 226:Core/Src/main.c ****     uint8_t data[2] = { color >> 8, color & 0xFF };
 227:Core/Src/main.c ****     HAL_SPI_Transmit(&hspi1, data, 2, HAL_MAX_DELAY);
 228:Core/Src/main.c ****     TFT_CS_HIGH();
 229:Core/Src/main.c **** }
 230:Core/Src/main.c **** 
 231:Core/Src/main.c **** void TFT_FillScreen(uint16_t color) {
 232:Core/Src/main.c ****     TFT_SetAddressWindow(0, 0, TFT_WIDTH - 1, TFT_HEIGHT - 1);
 233:Core/Src/main.c ****     TFT_DC_DATA();
 234:Core/Src/main.c ****     TFT_CS_LOW();
 235:Core/Src/main.c ****     uint8_t colorData[2] = { color >> 8, color & 0xFF };
 236:Core/Src/main.c ****     for (uint32_t i = 0; i < (uint32_t)(TFT_WIDTH * TFT_HEIGHT); i++) {
 237:Core/Src/main.c ****         HAL_SPI_Transmit(&hspi1, colorData, 2, HAL_MAX_DELAY);
 238:Core/Src/main.c ****     }
 239:Core/Src/main.c ****     TFT_CS_HIGH();
 240:Core/Src/main.c **** }
 241:Core/Src/main.c **** 
 242:Core/Src/main.c **** // Vẽ 1 ký tự ASCII (hỗ trợ phóng to tỉ lệ size)
 243:Core/Src/main.c **** void TFT_DrawChar(uint16_t x, uint16_t y, char c, uint16_t color, uint16_t bg, uint8_t size) {
 244:Core/Src/main.c ****     if (c < ' ' || c > 'z') return;
 245:Core/Src/main.c ****     uint8_t charIndex = c - ' ';
 246:Core/Src/main.c **** 
 247:Core/Src/main.c ****     for (int8_t i = 0; i < 5; i++) {
 248:Core/Src/main.c ****         uint8_t line = Font5x7[charIndex][i];
 249:Core/Src/main.c ****         for (int8_t j = 0; j < 8; j++) {
 250:Core/Src/main.c ****             if (line & 0x01) {
 251:Core/Src/main.c ****                 if (size == 1) {
 252:Core/Src/main.c ****                     TFT_DrawPixel(x + i, y + j, color);
 253:Core/Src/main.c ****                 } else {
 254:Core/Src/main.c ****                     for (uint8_t a = 0; a < size; a++) {
 255:Core/Src/main.c ****                         for (uint8_t b = 0; b < size; b++) {
 256:Core/Src/main.c ****                             TFT_DrawPixel(x + (i * size) + a, y + (j * size) + b, color);
 257:Core/Src/main.c ****                         }
 258:Core/Src/main.c ****                     }
 259:Core/Src/main.c ****                 }
 260:Core/Src/main.c ****             } else if (bg != color) {
 261:Core/Src/main.c ****                 if (size == 1) {
ARM GAS  /tmp/cctKnHFV.s 			page 6


 262:Core/Src/main.c ****                     TFT_DrawPixel(x + i, y + j, bg);
 263:Core/Src/main.c ****                 } else {
 264:Core/Src/main.c ****                     for (uint8_t a = 0; a < size; a++) {
 265:Core/Src/main.c ****                         for (uint8_t b = 0; b < size; b++) {
 266:Core/Src/main.c ****                             TFT_DrawPixel(x + (i * size) + a, y + (j * size) + b, bg);
 267:Core/Src/main.c ****                         }
 268:Core/Src/main.c ****                     }
 269:Core/Src/main.c ****                 }
 270:Core/Src/main.c ****             }
 271:Core/Src/main.c ****             line >>= 1;
 272:Core/Src/main.c ****         }
 273:Core/Src/main.c ****     }
 274:Core/Src/main.c **** }
 275:Core/Src/main.c **** 
 276:Core/Src/main.c **** // In chuỗi ký tự lên màn hình
 277:Core/Src/main.c **** void TFT_PrintString(uint16_t x, uint16_t y, const char *str, uint16_t color, uint16_t bg, uint8_t 
 278:Core/Src/main.c ****     while (*str) {
 279:Core/Src/main.c ****         TFT_DrawChar(x, y, *str, color, bg, size);
 280:Core/Src/main.c ****         x += (6 * size); // Khoảng cách ký tự (5 cột font + 1 cột đệm)
 281:Core/Src/main.c ****         str++;
 282:Core/Src/main.c ****     }
 283:Core/Src/main.c **** }
 284:Core/Src/main.c **** /* USER CODE END 0 */
 285:Core/Src/main.c **** 
 286:Core/Src/main.c **** /**
 287:Core/Src/main.c ****   * @brief  The application entry point.
 288:Core/Src/main.c ****   * @retval int
 289:Core/Src/main.c ****   */
 290:Core/Src/main.c **** int main(void)
 291:Core/Src/main.c **** {
 292:Core/Src/main.c **** 
 293:Core/Src/main.c ****   /* USER CODE BEGIN 1 */
 294:Core/Src/main.c **** 
 295:Core/Src/main.c ****   /* USER CODE END 1 */
 296:Core/Src/main.c **** 
 297:Core/Src/main.c ****   /* MCU Configuration--------------------------------------------------------*/
 298:Core/Src/main.c **** 
 299:Core/Src/main.c ****   /* Reset of all peripherals, Initializes the Flash interface and the Systick. */
 300:Core/Src/main.c ****   HAL_Init();
 301:Core/Src/main.c **** 
 302:Core/Src/main.c ****   /* USER CODE BEGIN Init */
 303:Core/Src/main.c **** 
 304:Core/Src/main.c ****   /* USER CODE END Init */
 305:Core/Src/main.c **** 
 306:Core/Src/main.c ****   /* Configure the system clock */
 307:Core/Src/main.c ****   SystemClock_Config();
 308:Core/Src/main.c **** 
 309:Core/Src/main.c ****   /* USER CODE BEGIN SysInit */
 310:Core/Src/main.c **** 
 311:Core/Src/main.c ****   /* USER CODE END SysInit */
 312:Core/Src/main.c **** 
 313:Core/Src/main.c ****   /* Initialize all configured peripherals */
 314:Core/Src/main.c ****   MX_GPIO_Init();
 315:Core/Src/main.c ****   MX_SPI1_Init();
 316:Core/Src/main.c ****   /* USER CODE BEGIN 2 */
 317:Core/Src/main.c **** TFT_Init();
 318:Core/Src/main.c **** 
ARM GAS  /tmp/cctKnHFV.s 			page 7


 319:Core/Src/main.c ****   // 2. Xóa toàn bộ màn hình về màu nền ĐEN
 320:Core/Src/main.c ****   TFT_FillScreen(TFT_BLACK);
 321:Core/Src/main.c **** 
 322:Core/Src/main.c ****   // 3. In dòng 1: "HTN" màu VÀNG, phóng to size 3
 323:Core/Src/main.c ****   TFT_PrintString(35, 40, "HTN", TFT_YELLOW, TFT_BLACK, 3);
 324:Core/Src/main.c **** 
 325:Core/Src/main.c ****   // 4. In dòng 2: "nhom 2" màu TRẮNG, size 2
 326:Core/Src/main.c ****   // (Lưu ý: Font ASCII chuẩn không gõ dấu tiếng Việt trực tiếp, ghi 'nhom 2' để
 327:Core/Src/main.c ****   TFT_PrintString(20, 85, "NHOM 2", TFT_WHITE, TFT_BLACK, 2);
 328:Core/Src/main.c ****   /* USER CODE END 2 */
 329:Core/Src/main.c **** 
 330:Core/Src/main.c ****   /* Infinite loop */
 331:Core/Src/main.c ****   /* USER CODE BEGIN WHILE */
 332:Core/Src/main.c ****   while (1)
 333:Core/Src/main.c ****   {
 334:Core/Src/main.c ****     /* USER CODE END WHILE */
 335:Core/Src/main.c **** 
 336:Core/Src/main.c ****     /* USER CODE BEGIN 3 */
 337:Core/Src/main.c ****   }
 338:Core/Src/main.c ****   /* USER CODE END 3 */
 339:Core/Src/main.c **** }
 340:Core/Src/main.c **** 
 341:Core/Src/main.c **** /**
 342:Core/Src/main.c ****   * @brief System Clock Configuration
 343:Core/Src/main.c ****   * @retval None
 344:Core/Src/main.c ****   */
 345:Core/Src/main.c **** void SystemClock_Config(void)
 346:Core/Src/main.c **** {
 347:Core/Src/main.c ****   RCC_OscInitTypeDef RCC_OscInitStruct = {0};
 348:Core/Src/main.c ****   RCC_ClkInitTypeDef RCC_ClkInitStruct = {0};
 349:Core/Src/main.c **** 
 350:Core/Src/main.c ****   /** Initializes the RCC Oscillators according to the specified parameters
 351:Core/Src/main.c ****   * in the RCC_OscInitTypeDef structure.
 352:Core/Src/main.c ****   */
 353:Core/Src/main.c ****   RCC_OscInitStruct.OscillatorType = RCC_OSCILLATORTYPE_HSI;
 354:Core/Src/main.c ****   RCC_OscInitStruct.HSIState = RCC_HSI_ON;
 355:Core/Src/main.c ****   RCC_OscInitStruct.HSICalibrationValue = RCC_HSICALIBRATION_DEFAULT;
 356:Core/Src/main.c ****   RCC_OscInitStruct.PLL.PLLState = RCC_PLL_NONE;
 357:Core/Src/main.c ****   if (HAL_RCC_OscConfig(&RCC_OscInitStruct) != HAL_OK)
 358:Core/Src/main.c ****   {
 359:Core/Src/main.c ****     Error_Handler();
 360:Core/Src/main.c ****   }
 361:Core/Src/main.c **** 
 362:Core/Src/main.c ****   /** Initializes the CPU, AHB and APB buses clocks
 363:Core/Src/main.c ****   */
 364:Core/Src/main.c ****   RCC_ClkInitStruct.ClockType = RCC_CLOCKTYPE_HCLK|RCC_CLOCKTYPE_SYSCLK
 365:Core/Src/main.c ****                               |RCC_CLOCKTYPE_PCLK1|RCC_CLOCKTYPE_PCLK2;
 366:Core/Src/main.c ****   RCC_ClkInitStruct.SYSCLKSource = RCC_SYSCLKSOURCE_HSI;
 367:Core/Src/main.c ****   RCC_ClkInitStruct.AHBCLKDivider = RCC_SYSCLK_DIV1;
 368:Core/Src/main.c ****   RCC_ClkInitStruct.APB1CLKDivider = RCC_HCLK_DIV1;
 369:Core/Src/main.c ****   RCC_ClkInitStruct.APB2CLKDivider = RCC_HCLK_DIV1;
 370:Core/Src/main.c **** 
 371:Core/Src/main.c ****   if (HAL_RCC_ClockConfig(&RCC_ClkInitStruct, FLASH_LATENCY_0) != HAL_OK)
 372:Core/Src/main.c ****   {
 373:Core/Src/main.c ****     Error_Handler();
 374:Core/Src/main.c ****   }
 375:Core/Src/main.c **** }
ARM GAS  /tmp/cctKnHFV.s 			page 8


 376:Core/Src/main.c **** 
 377:Core/Src/main.c **** /**
 378:Core/Src/main.c ****   * @brief SPI1 Initialization Function
 379:Core/Src/main.c ****   * @param None
 380:Core/Src/main.c ****   * @retval None
 381:Core/Src/main.c ****   */
 382:Core/Src/main.c **** static void MX_SPI1_Init(void)
 383:Core/Src/main.c **** {
 384:Core/Src/main.c **** 
 385:Core/Src/main.c ****   /* USER CODE BEGIN SPI1_Init 0 */
 386:Core/Src/main.c **** 
 387:Core/Src/main.c ****   /* USER CODE END SPI1_Init 0 */
 388:Core/Src/main.c **** 
 389:Core/Src/main.c ****   /* USER CODE BEGIN SPI1_Init 1 */
 390:Core/Src/main.c **** 
 391:Core/Src/main.c ****   /* USER CODE END SPI1_Init 1 */
 392:Core/Src/main.c ****   /* SPI1 parameter configuration*/
 393:Core/Src/main.c ****   hspi1.Instance = SPI1;
 394:Core/Src/main.c ****   hspi1.Init.Mode = SPI_MODE_MASTER;
 395:Core/Src/main.c ****   hspi1.Init.Direction = SPI_DIRECTION_2LINES;
 396:Core/Src/main.c ****   hspi1.Init.DataSize = SPI_DATASIZE_8BIT;
 397:Core/Src/main.c ****   hspi1.Init.CLKPolarity = SPI_POLARITY_LOW;
 398:Core/Src/main.c ****   hspi1.Init.CLKPhase = SPI_PHASE_1EDGE;
 399:Core/Src/main.c ****   hspi1.Init.NSS = SPI_NSS_SOFT;
 400:Core/Src/main.c ****   hspi1.Init.BaudRatePrescaler = SPI_BAUDRATEPRESCALER_2;
 401:Core/Src/main.c ****   hspi1.Init.FirstBit = SPI_FIRSTBIT_MSB;
 402:Core/Src/main.c ****   hspi1.Init.TIMode = SPI_TIMODE_DISABLE;
 403:Core/Src/main.c ****   hspi1.Init.CRCCalculation = SPI_CRCCALCULATION_DISABLE;
 404:Core/Src/main.c ****   hspi1.Init.CRCPolynomial = 10;
 405:Core/Src/main.c ****   if (HAL_SPI_Init(&hspi1) != HAL_OK)
 406:Core/Src/main.c ****   {
 407:Core/Src/main.c ****     Error_Handler();
 408:Core/Src/main.c ****   }
 409:Core/Src/main.c ****   /* USER CODE BEGIN SPI1_Init 2 */
 410:Core/Src/main.c **** 
 411:Core/Src/main.c ****   /* USER CODE END SPI1_Init 2 */
 412:Core/Src/main.c **** 
 413:Core/Src/main.c **** }
 414:Core/Src/main.c **** 
 415:Core/Src/main.c **** /**
 416:Core/Src/main.c ****   * @brief GPIO Initialization Function
 417:Core/Src/main.c ****   * @param None
 418:Core/Src/main.c ****   * @retval None
 419:Core/Src/main.c ****   */
 420:Core/Src/main.c **** static void MX_GPIO_Init(void)
 421:Core/Src/main.c **** {
  26              		.loc 1 421 1 view -0
  27              		.cfi_startproc
  28              		@ args = 0, pretend = 0, frame = 24
  29              		@ frame_needed = 0, uses_anonymous_args = 0
  30 0000 30B5     		push	{r4, r5, lr}
  31              	.LCFI0:
  32              		.cfi_def_cfa_offset 12
  33              		.cfi_offset 4, -12
  34              		.cfi_offset 5, -8
  35              		.cfi_offset 14, -4
  36 0002 87B0     		sub	sp, sp, #28
ARM GAS  /tmp/cctKnHFV.s 			page 9


  37              	.LCFI1:
  38              		.cfi_def_cfa_offset 40
 422:Core/Src/main.c ****   GPIO_InitTypeDef GPIO_InitStruct = {0};
  39              		.loc 1 422 3 view .LVU1
  40              		.loc 1 422 20 is_stmt 0 view .LVU2
  41 0004 0024     		movs	r4, #0
  42 0006 0294     		str	r4, [sp, #8]
  43 0008 0394     		str	r4, [sp, #12]
  44 000a 0494     		str	r4, [sp, #16]
  45 000c 0594     		str	r4, [sp, #20]
 423:Core/Src/main.c ****   /* USER CODE BEGIN MX_GPIO_Init_1 */
 424:Core/Src/main.c **** 
 425:Core/Src/main.c ****   /* USER CODE END MX_GPIO_Init_1 */
 426:Core/Src/main.c **** 
 427:Core/Src/main.c ****   /* GPIO Ports Clock Enable */
 428:Core/Src/main.c ****   __HAL_RCC_GPIOD_CLK_ENABLE();
  46              		.loc 1 428 3 is_stmt 1 view .LVU3
  47              	.LBB4:
  48              		.loc 1 428 3 view .LVU4
  49              		.loc 1 428 3 view .LVU5
  50 000e 134B     		ldr	r3, .L3
  51 0010 9A69     		ldr	r2, [r3, #24]
  52 0012 42F02002 		orr	r2, r2, #32
  53 0016 9A61     		str	r2, [r3, #24]
  54              		.loc 1 428 3 view .LVU6
  55 0018 9A69     		ldr	r2, [r3, #24]
  56 001a 02F02002 		and	r2, r2, #32
  57 001e 0092     		str	r2, [sp]
  58              		.loc 1 428 3 view .LVU7
  59 0020 009A     		ldr	r2, [sp]
  60              	.LBE4:
  61              		.loc 1 428 3 view .LVU8
 429:Core/Src/main.c ****   __HAL_RCC_GPIOA_CLK_ENABLE();
  62              		.loc 1 429 3 view .LVU9
  63              	.LBB5:
  64              		.loc 1 429 3 view .LVU10
  65              		.loc 1 429 3 view .LVU11
  66 0022 9A69     		ldr	r2, [r3, #24]
  67 0024 42F00402 		orr	r2, r2, #4
  68 0028 9A61     		str	r2, [r3, #24]
  69              		.loc 1 429 3 view .LVU12
  70 002a 9B69     		ldr	r3, [r3, #24]
  71 002c 03F00403 		and	r3, r3, #4
  72 0030 0193     		str	r3, [sp, #4]
  73              		.loc 1 429 3 view .LVU13
  74 0032 019B     		ldr	r3, [sp, #4]
  75              	.LBE5:
  76              		.loc 1 429 3 view .LVU14
 430:Core/Src/main.c **** 
 431:Core/Src/main.c ****   /*Configure GPIO pin Output Level */
 432:Core/Src/main.c ****   HAL_GPIO_WritePin(GPIOA, TFT_RES_Pin|TFT_DC_Pin|TFT_CS_Pin, GPIO_PIN_RESET);
  77              		.loc 1 432 3 view .LVU15
  78 0034 0A4D     		ldr	r5, .L3+4
  79 0036 2246     		mov	r2, r4
  80 0038 1C21     		movs	r1, #28
  81 003a 2846     		mov	r0, r5
  82 003c FFF7FEFF 		bl	HAL_GPIO_WritePin
ARM GAS  /tmp/cctKnHFV.s 			page 10


  83              	.LVL0:
 433:Core/Src/main.c **** 
 434:Core/Src/main.c ****   /*Configure GPIO pins : TFT_RES_Pin TFT_DC_Pin TFT_CS_Pin */
 435:Core/Src/main.c ****   GPIO_InitStruct.Pin = TFT_RES_Pin|TFT_DC_Pin|TFT_CS_Pin;
  84              		.loc 1 435 3 view .LVU16
  85              		.loc 1 435 23 is_stmt 0 view .LVU17
  86 0040 1C23     		movs	r3, #28
  87 0042 0293     		str	r3, [sp, #8]
 436:Core/Src/main.c ****   GPIO_InitStruct.Mode = GPIO_MODE_OUTPUT_PP;
  88              		.loc 1 436 3 is_stmt 1 view .LVU18
  89              		.loc 1 436 24 is_stmt 0 view .LVU19
  90 0044 0123     		movs	r3, #1
  91 0046 0393     		str	r3, [sp, #12]
 437:Core/Src/main.c ****   GPIO_InitStruct.Pull = GPIO_NOPULL;
  92              		.loc 1 437 3 is_stmt 1 view .LVU20
  93              		.loc 1 437 24 is_stmt 0 view .LVU21
  94 0048 0494     		str	r4, [sp, #16]
 438:Core/Src/main.c ****   GPIO_InitStruct.Speed = GPIO_SPEED_FREQ_LOW;
  95              		.loc 1 438 3 is_stmt 1 view .LVU22
  96              		.loc 1 438 25 is_stmt 0 view .LVU23
  97 004a 0223     		movs	r3, #2
  98 004c 0593     		str	r3, [sp, #20]
 439:Core/Src/main.c ****   HAL_GPIO_Init(GPIOA, &GPIO_InitStruct);
  99              		.loc 1 439 3 is_stmt 1 view .LVU24
 100 004e 02A9     		add	r1, sp, #8
 101 0050 2846     		mov	r0, r5
 102 0052 FFF7FEFF 		bl	HAL_GPIO_Init
 103              	.LVL1:
 440:Core/Src/main.c **** 
 441:Core/Src/main.c ****   /* USER CODE BEGIN MX_GPIO_Init_2 */
 442:Core/Src/main.c **** 
 443:Core/Src/main.c ****   /* USER CODE END MX_GPIO_Init_2 */
 444:Core/Src/main.c **** }
 104              		.loc 1 444 1 is_stmt 0 view .LVU25
 105 0056 07B0     		add	sp, sp, #28
 106              	.LCFI2:
 107              		.cfi_def_cfa_offset 12
 108              		@ sp needed
 109 0058 30BD     		pop	{r4, r5, pc}
 110              	.L4:
 111 005a 00BF     		.align	2
 112              	.L3:
 113 005c 00100240 		.word	1073876992
 114 0060 00080140 		.word	1073809408
 115              		.cfi_endproc
 116              	.LFE76:
 118              		.section	.text.TFT_WriteCmd,"ax",%progbits
 119              		.align	1
 120              		.global	TFT_WriteCmd
 121              		.syntax unified
 122              		.thumb
 123              		.thumb_func
 124              		.fpu softvfp
 126              	TFT_WriteCmd:
 127              	.LVL2:
 128              	.LFB65:
 166:Core/Src/main.c ****     TFT_DC_CMD();
ARM GAS  /tmp/cctKnHFV.s 			page 11


 129              		.loc 1 166 32 is_stmt 1 view -0
 130              		.cfi_startproc
 131              		@ args = 0, pretend = 0, frame = 8
 132              		@ frame_needed = 0, uses_anonymous_args = 0
 166:Core/Src/main.c ****     TFT_DC_CMD();
 133              		.loc 1 166 32 is_stmt 0 view .LVU27
 134 0000 10B5     		push	{r4, lr}
 135              	.LCFI3:
 136              		.cfi_def_cfa_offset 8
 137              		.cfi_offset 4, -8
 138              		.cfi_offset 14, -4
 139 0002 82B0     		sub	sp, sp, #8
 140              	.LCFI4:
 141              		.cfi_def_cfa_offset 16
 142 0004 8DF80700 		strb	r0, [sp, #7]
 167:Core/Src/main.c ****     TFT_CS_LOW();
 143              		.loc 1 167 5 is_stmt 1 view .LVU28
 144 0008 0C4C     		ldr	r4, .L7
 145 000a 0022     		movs	r2, #0
 146 000c 0821     		movs	r1, #8
 147 000e 2046     		mov	r0, r4
 148              	.LVL3:
 167:Core/Src/main.c ****     TFT_CS_LOW();
 149              		.loc 1 167 5 is_stmt 0 view .LVU29
 150 0010 FFF7FEFF 		bl	HAL_GPIO_WritePin
 151              	.LVL4:
 168:Core/Src/main.c ****     HAL_SPI_Transmit(&hspi1, &cmd, 1, HAL_MAX_DELAY);
 152              		.loc 1 168 5 is_stmt 1 view .LVU30
 153 0014 0022     		movs	r2, #0
 154 0016 1021     		movs	r1, #16
 155 0018 2046     		mov	r0, r4
 156 001a FFF7FEFF 		bl	HAL_GPIO_WritePin
 157              	.LVL5:
 169:Core/Src/main.c ****     TFT_CS_HIGH();
 158              		.loc 1 169 5 view .LVU31
 159 001e 4FF0FF33 		mov	r3, #-1
 160 0022 0122     		movs	r2, #1
 161 0024 0DF10701 		add	r1, sp, #7
 162 0028 0548     		ldr	r0, .L7+4
 163 002a FFF7FEFF 		bl	HAL_SPI_Transmit
 164              	.LVL6:
 170:Core/Src/main.c **** }
 165              		.loc 1 170 5 view .LVU32
 166 002e 0122     		movs	r2, #1
 167 0030 1021     		movs	r1, #16
 168 0032 2046     		mov	r0, r4
 169 0034 FFF7FEFF 		bl	HAL_GPIO_WritePin
 170              	.LVL7:
 171:Core/Src/main.c **** 
 171              		.loc 1 171 1 is_stmt 0 view .LVU33
 172 0038 02B0     		add	sp, sp, #8
 173              	.LCFI5:
 174              		.cfi_def_cfa_offset 8
 175              		@ sp needed
 176 003a 10BD     		pop	{r4, pc}
 177              	.L8:
 178              		.align	2
ARM GAS  /tmp/cctKnHFV.s 			page 12


 179              	.L7:
 180 003c 00080140 		.word	1073809408
 181 0040 00000000 		.word	.LANCHOR0
 182              		.cfi_endproc
 183              	.LFE65:
 185              		.section	.text.TFT_WriteData,"ax",%progbits
 186              		.align	1
 187              		.global	TFT_WriteData
 188              		.syntax unified
 189              		.thumb
 190              		.thumb_func
 191              		.fpu softvfp
 193              	TFT_WriteData:
 194              	.LVL8:
 195              	.LFB66:
 173:Core/Src/main.c ****     TFT_DC_DATA();
 196              		.loc 1 173 34 is_stmt 1 view -0
 197              		.cfi_startproc
 198              		@ args = 0, pretend = 0, frame = 8
 199              		@ frame_needed = 0, uses_anonymous_args = 0
 173:Core/Src/main.c ****     TFT_DC_DATA();
 200              		.loc 1 173 34 is_stmt 0 view .LVU35
 201 0000 10B5     		push	{r4, lr}
 202              	.LCFI6:
 203              		.cfi_def_cfa_offset 8
 204              		.cfi_offset 4, -8
 205              		.cfi_offset 14, -4
 206 0002 82B0     		sub	sp, sp, #8
 207              	.LCFI7:
 208              		.cfi_def_cfa_offset 16
 209 0004 8DF80700 		strb	r0, [sp, #7]
 174:Core/Src/main.c ****     TFT_CS_LOW();
 210              		.loc 1 174 5 is_stmt 1 view .LVU36
 211 0008 0C4C     		ldr	r4, .L11
 212 000a 0122     		movs	r2, #1
 213 000c 0821     		movs	r1, #8
 214 000e 2046     		mov	r0, r4
 215              	.LVL9:
 174:Core/Src/main.c ****     TFT_CS_LOW();
 216              		.loc 1 174 5 is_stmt 0 view .LVU37
 217 0010 FFF7FEFF 		bl	HAL_GPIO_WritePin
 218              	.LVL10:
 175:Core/Src/main.c ****     HAL_SPI_Transmit(&hspi1, &data, 1, HAL_MAX_DELAY);
 219              		.loc 1 175 5 is_stmt 1 view .LVU38
 220 0014 0022     		movs	r2, #0
 221 0016 1021     		movs	r1, #16
 222 0018 2046     		mov	r0, r4
 223 001a FFF7FEFF 		bl	HAL_GPIO_WritePin
 224              	.LVL11:
 176:Core/Src/main.c ****     TFT_CS_HIGH();
 225              		.loc 1 176 5 view .LVU39
 226 001e 4FF0FF33 		mov	r3, #-1
 227 0022 0122     		movs	r2, #1
 228 0024 0DF10701 		add	r1, sp, #7
 229 0028 0548     		ldr	r0, .L11+4
 230 002a FFF7FEFF 		bl	HAL_SPI_Transmit
 231              	.LVL12:
ARM GAS  /tmp/cctKnHFV.s 			page 13


 177:Core/Src/main.c **** }
 232              		.loc 1 177 5 view .LVU40
 233 002e 0122     		movs	r2, #1
 234 0030 1021     		movs	r1, #16
 235 0032 2046     		mov	r0, r4
 236 0034 FFF7FEFF 		bl	HAL_GPIO_WritePin
 237              	.LVL13:
 178:Core/Src/main.c **** 
 238              		.loc 1 178 1 is_stmt 0 view .LVU41
 239 0038 02B0     		add	sp, sp, #8
 240              	.LCFI8:
 241              		.cfi_def_cfa_offset 8
 242              		@ sp needed
 243 003a 10BD     		pop	{r4, pc}
 244              	.L12:
 245              		.align	2
 246              	.L11:
 247 003c 00080140 		.word	1073809408
 248 0040 00000000 		.word	.LANCHOR0
 249              		.cfi_endproc
 250              	.LFE66:
 252              		.section	.text.TFT_SetAddressWindow,"ax",%progbits
 253              		.align	1
 254              		.global	TFT_SetAddressWindow
 255              		.syntax unified
 256              		.thumb
 257              		.thumb_func
 258              		.fpu softvfp
 260              	TFT_SetAddressWindow:
 261              	.LVL14:
 262              	.LFB67:
 180:Core/Src/main.c ****     TFT_WriteCmd(0x2A); // CASET
 263              		.loc 1 180 79 is_stmt 1 view -0
 264              		.cfi_startproc
 265              		@ args = 0, pretend = 0, frame = 0
 266              		@ frame_needed = 0, uses_anonymous_args = 0
 180:Core/Src/main.c ****     TFT_WriteCmd(0x2A); // CASET
 267              		.loc 1 180 79 is_stmt 0 view .LVU43
 268 0000 F8B5     		push	{r3, r4, r5, r6, r7, lr}
 269              	.LCFI9:
 270              		.cfi_def_cfa_offset 24
 271              		.cfi_offset 3, -24
 272              		.cfi_offset 4, -20
 273              		.cfi_offset 5, -16
 274              		.cfi_offset 6, -12
 275              		.cfi_offset 7, -8
 276              		.cfi_offset 14, -4
 277 0002 0746     		mov	r7, r0
 278 0004 0D46     		mov	r5, r1
 279 0006 1646     		mov	r6, r2
 280 0008 1C46     		mov	r4, r3
 181:Core/Src/main.c ****     TFT_WriteData(x0 >> 8);
 281              		.loc 1 181 5 is_stmt 1 view .LVU44
 282 000a 2A20     		movs	r0, #42
 283              	.LVL15:
 181:Core/Src/main.c ****     TFT_WriteData(x0 >> 8);
 284              		.loc 1 181 5 is_stmt 0 view .LVU45
ARM GAS  /tmp/cctKnHFV.s 			page 14


 285 000c FFF7FEFF 		bl	TFT_WriteCmd
 286              	.LVL16:
 182:Core/Src/main.c ****     TFT_WriteData(x0 & 0xFF);
 287              		.loc 1 182 5 is_stmt 1 view .LVU46
 288 0010 380A     		lsrs	r0, r7, #8
 289 0012 FFF7FEFF 		bl	TFT_WriteData
 290              	.LVL17:
 183:Core/Src/main.c ****     TFT_WriteData(x1 >> 8);
 291              		.loc 1 183 5 view .LVU47
 292 0016 F8B2     		uxtb	r0, r7
 293 0018 FFF7FEFF 		bl	TFT_WriteData
 294              	.LVL18:
 184:Core/Src/main.c ****     TFT_WriteData(x1 & 0xFF);
 295              		.loc 1 184 5 view .LVU48
 296 001c 300A     		lsrs	r0, r6, #8
 297 001e FFF7FEFF 		bl	TFT_WriteData
 298              	.LVL19:
 185:Core/Src/main.c **** 
 299              		.loc 1 185 5 view .LVU49
 300 0022 F0B2     		uxtb	r0, r6
 301 0024 FFF7FEFF 		bl	TFT_WriteData
 302              	.LVL20:
 187:Core/Src/main.c ****     TFT_WriteData(y0 >> 8);
 303              		.loc 1 187 5 view .LVU50
 304 0028 2B20     		movs	r0, #43
 305 002a FFF7FEFF 		bl	TFT_WriteCmd
 306              	.LVL21:
 188:Core/Src/main.c ****     TFT_WriteData(y0 & 0xFF);
 307              		.loc 1 188 5 view .LVU51
 308 002e 280A     		lsrs	r0, r5, #8
 309 0030 FFF7FEFF 		bl	TFT_WriteData
 310              	.LVL22:
 189:Core/Src/main.c ****     TFT_WriteData(y1 >> 8);
 311              		.loc 1 189 5 view .LVU52
 312 0034 E8B2     		uxtb	r0, r5
 313 0036 FFF7FEFF 		bl	TFT_WriteData
 314              	.LVL23:
 190:Core/Src/main.c ****     TFT_WriteData(y1 & 0xFF);
 315              		.loc 1 190 5 view .LVU53
 316 003a 200A     		lsrs	r0, r4, #8
 317 003c FFF7FEFF 		bl	TFT_WriteData
 318              	.LVL24:
 191:Core/Src/main.c **** 
 319              		.loc 1 191 5 view .LVU54
 320 0040 E0B2     		uxtb	r0, r4
 321 0042 FFF7FEFF 		bl	TFT_WriteData
 322              	.LVL25:
 193:Core/Src/main.c **** }
 323              		.loc 1 193 5 view .LVU55
 324 0046 2C20     		movs	r0, #44
 325 0048 FFF7FEFF 		bl	TFT_WriteCmd
 326              	.LVL26:
 194:Core/Src/main.c **** 
 327              		.loc 1 194 1 is_stmt 0 view .LVU56
 328 004c F8BD     		pop	{r3, r4, r5, r6, r7, pc}
 329              		.cfi_endproc
 330              	.LFE67:
ARM GAS  /tmp/cctKnHFV.s 			page 15


 332              		.section	.text.TFT_Init,"ax",%progbits
 333              		.align	1
 334              		.global	TFT_Init
 335              		.syntax unified
 336              		.thumb
 337              		.thumb_func
 338              		.fpu softvfp
 340              	TFT_Init:
 341              	.LFB68:
 196:Core/Src/main.c ****     // Reset phần cứng
 342              		.loc 1 196 21 is_stmt 1 view -0
 343              		.cfi_startproc
 344              		@ args = 0, pretend = 0, frame = 0
 345              		@ frame_needed = 0, uses_anonymous_args = 0
 346 0000 10B5     		push	{r4, lr}
 347              	.LCFI10:
 348              		.cfi_def_cfa_offset 8
 349              		.cfi_offset 4, -8
 350              		.cfi_offset 14, -4
 198:Core/Src/main.c ****     HAL_Delay(50);
 351              		.loc 1 198 5 view .LVU58
 352 0002 184C     		ldr	r4, .L17
 353 0004 0022     		movs	r2, #0
 354 0006 0421     		movs	r1, #4
 355 0008 2046     		mov	r0, r4
 356 000a FFF7FEFF 		bl	HAL_GPIO_WritePin
 357              	.LVL27:
 199:Core/Src/main.c ****     TFT_RES_HIGH();
 358              		.loc 1 199 5 view .LVU59
 359 000e 3220     		movs	r0, #50
 360 0010 FFF7FEFF 		bl	HAL_Delay
 361              	.LVL28:
 200:Core/Src/main.c ****     HAL_Delay(50);
 362              		.loc 1 200 5 view .LVU60
 363 0014 0122     		movs	r2, #1
 364 0016 0421     		movs	r1, #4
 365 0018 2046     		mov	r0, r4
 366 001a FFF7FEFF 		bl	HAL_GPIO_WritePin
 367              	.LVL29:
 201:Core/Src/main.c **** 
 368              		.loc 1 201 5 view .LVU61
 369 001e 3220     		movs	r0, #50
 370 0020 FFF7FEFF 		bl	HAL_Delay
 371              	.LVL30:
 203:Core/Src/main.c ****     HAL_Delay(150);
 372              		.loc 1 203 5 view .LVU62
 373 0024 0120     		movs	r0, #1
 374 0026 FFF7FEFF 		bl	TFT_WriteCmd
 375              	.LVL31:
 204:Core/Src/main.c **** 
 376              		.loc 1 204 5 view .LVU63
 377 002a 9620     		movs	r0, #150
 378 002c FFF7FEFF 		bl	HAL_Delay
 379              	.LVL32:
 206:Core/Src/main.c ****     HAL_Delay(200);
 380              		.loc 1 206 5 view .LVU64
 381 0030 1120     		movs	r0, #17
ARM GAS  /tmp/cctKnHFV.s 			page 16


 382 0032 FFF7FEFF 		bl	TFT_WriteCmd
 383              	.LVL33:
 207:Core/Src/main.c **** 
 384              		.loc 1 207 5 view .LVU65
 385 0036 C820     		movs	r0, #200
 386 0038 FFF7FEFF 		bl	HAL_Delay
 387              	.LVL34:
 210:Core/Src/main.c ****     TFT_WriteData(0x05);
 388              		.loc 1 210 5 view .LVU66
 389 003c 3A20     		movs	r0, #58
 390 003e FFF7FEFF 		bl	TFT_WriteCmd
 391              	.LVL35:
 211:Core/Src/main.c **** 
 392              		.loc 1 211 5 view .LVU67
 393 0042 0520     		movs	r0, #5
 394 0044 FFF7FEFF 		bl	TFT_WriteData
 395              	.LVL36:
 214:Core/Src/main.c ****     TFT_WriteData(0xC0); // Tùy module có thể là 0x00, 0xC8, hoặc 0xA0
 396              		.loc 1 214 5 view .LVU68
 397 0048 3620     		movs	r0, #54
 398 004a FFF7FEFF 		bl	TFT_WriteCmd
 399              	.LVL37:
 215:Core/Src/main.c **** 
 400              		.loc 1 215 5 view .LVU69
 401 004e C020     		movs	r0, #192
 402 0050 FFF7FEFF 		bl	TFT_WriteData
 403              	.LVL38:
 217:Core/Src/main.c ****     HAL_Delay(100);
 404              		.loc 1 217 5 view .LVU70
 405 0054 2920     		movs	r0, #41
 406 0056 FFF7FEFF 		bl	TFT_WriteCmd
 407              	.LVL39:
 218:Core/Src/main.c **** }
 408              		.loc 1 218 5 view .LVU71
 409 005a 6420     		movs	r0, #100
 410 005c FFF7FEFF 		bl	HAL_Delay
 411              	.LVL40:
 219:Core/Src/main.c **** 
 412              		.loc 1 219 1 is_stmt 0 view .LVU72
 413 0060 10BD     		pop	{r4, pc}
 414              	.L18:
 415 0062 00BF     		.align	2
 416              	.L17:
 417 0064 00080140 		.word	1073809408
 418              		.cfi_endproc
 419              	.LFE68:
 421              		.section	.text.TFT_DrawPixel,"ax",%progbits
 422              		.align	1
 423              		.global	TFT_DrawPixel
 424              		.syntax unified
 425              		.thumb
 426              		.thumb_func
 427              		.fpu softvfp
 429              	TFT_DrawPixel:
 430              	.LVL41:
 431              	.LFB69:
 221:Core/Src/main.c ****     if (x >= TFT_WIDTH || y >= TFT_HEIGHT) return;
ARM GAS  /tmp/cctKnHFV.s 			page 17


 432              		.loc 1 221 60 is_stmt 1 view -0
 433              		.cfi_startproc
 434              		@ args = 0, pretend = 0, frame = 8
 435              		@ frame_needed = 0, uses_anonymous_args = 0
 222:Core/Src/main.c ****     TFT_SetAddressWindow(x, y, x, y);
 436              		.loc 1 222 5 view .LVU74
 222:Core/Src/main.c ****     TFT_SetAddressWindow(x, y, x, y);
 437              		.loc 1 222 8 is_stmt 0 view .LVU75
 438 0000 7F28     		cmp	r0, #127
 439 0002 27D8     		bhi	.L24
 221:Core/Src/main.c ****     if (x >= TFT_WIDTH || y >= TFT_HEIGHT) return;
 440              		.loc 1 221 60 discriminator 2 view .LVU76
 441 0004 30B5     		push	{r4, r5, lr}
 442              	.LCFI11:
 443              		.cfi_def_cfa_offset 12
 444              		.cfi_offset 4, -12
 445              		.cfi_offset 5, -8
 446              		.cfi_offset 14, -4
 447 0006 83B0     		sub	sp, sp, #12
 448              	.LCFI12:
 449              		.cfi_def_cfa_offset 24
 450 0008 1446     		mov	r4, r2
 222:Core/Src/main.c ****     TFT_SetAddressWindow(x, y, x, y);
 451              		.loc 1 222 24 discriminator 2 view .LVU77
 452 000a 9F29     		cmp	r1, #159
 453 000c 01D9     		bls	.L27
 454              	.LVL42:
 455              	.L19:
 229:Core/Src/main.c **** 
 456              		.loc 1 229 1 view .LVU78
 457 000e 03B0     		add	sp, sp, #12
 458              	.LCFI13:
 459              		.cfi_remember_state
 460              		.cfi_def_cfa_offset 12
 461              		@ sp needed
 462 0010 30BD     		pop	{r4, r5, pc}
 463              	.LVL43:
 464              	.L27:
 465              	.LCFI14:
 466              		.cfi_restore_state
 223:Core/Src/main.c ****     TFT_DC_DATA();
 467              		.loc 1 223 5 is_stmt 1 view .LVU79
 468 0012 0B46     		mov	r3, r1
 469 0014 0246     		mov	r2, r0
 470              	.LVL44:
 223:Core/Src/main.c ****     TFT_DC_DATA();
 471              		.loc 1 223 5 is_stmt 0 view .LVU80
 472 0016 FFF7FEFF 		bl	TFT_SetAddressWindow
 473              	.LVL45:
 224:Core/Src/main.c ****     TFT_CS_LOW();
 474              		.loc 1 224 5 is_stmt 1 view .LVU81
 475 001a 0F4D     		ldr	r5, .L28
 476 001c 0122     		movs	r2, #1
 477 001e 0821     		movs	r1, #8
 478 0020 2846     		mov	r0, r5
 479 0022 FFF7FEFF 		bl	HAL_GPIO_WritePin
 480              	.LVL46:
ARM GAS  /tmp/cctKnHFV.s 			page 18


 225:Core/Src/main.c ****     uint8_t data[2] = { color >> 8, color & 0xFF };
 481              		.loc 1 225 5 view .LVU82
 482 0026 0022     		movs	r2, #0
 483 0028 1021     		movs	r1, #16
 484 002a 2846     		mov	r0, r5
 485 002c FFF7FEFF 		bl	HAL_GPIO_WritePin
 486              	.LVL47:
 226:Core/Src/main.c ****     HAL_SPI_Transmit(&hspi1, data, 2, HAL_MAX_DELAY);
 487              		.loc 1 226 5 view .LVU83
 226:Core/Src/main.c ****     HAL_SPI_Transmit(&hspi1, data, 2, HAL_MAX_DELAY);
 488              		.loc 1 226 13 is_stmt 0 view .LVU84
 489 0030 230A     		lsrs	r3, r4, #8
 490 0032 8DF80430 		strb	r3, [sp, #4]
 491 0036 8DF80540 		strb	r4, [sp, #5]
 227:Core/Src/main.c ****     TFT_CS_HIGH();
 492              		.loc 1 227 5 is_stmt 1 view .LVU85
 493 003a 4FF0FF33 		mov	r3, #-1
 494 003e 0222     		movs	r2, #2
 495 0040 01A9     		add	r1, sp, #4
 496 0042 0648     		ldr	r0, .L28+4
 497 0044 FFF7FEFF 		bl	HAL_SPI_Transmit
 498              	.LVL48:
 228:Core/Src/main.c **** }
 499              		.loc 1 228 5 view .LVU86
 500 0048 0122     		movs	r2, #1
 501 004a 1021     		movs	r1, #16
 502 004c 2846     		mov	r0, r5
 503 004e FFF7FEFF 		bl	HAL_GPIO_WritePin
 504              	.LVL49:
 505 0052 DCE7     		b	.L19
 506              	.LVL50:
 507              	.L24:
 508              	.LCFI15:
 509              		.cfi_def_cfa_offset 0
 510              		.cfi_restore 4
 511              		.cfi_restore 5
 512              		.cfi_restore 14
 228:Core/Src/main.c **** }
 513              		.loc 1 228 5 is_stmt 0 view .LVU87
 514 0054 7047     		bx	lr
 515              	.L29:
 516 0056 00BF     		.align	2
 517              	.L28:
 518 0058 00080140 		.word	1073809408
 519 005c 00000000 		.word	.LANCHOR0
 520              		.cfi_endproc
 521              	.LFE69:
 523              		.section	.text.TFT_FillScreen,"ax",%progbits
 524              		.align	1
 525              		.global	TFT_FillScreen
 526              		.syntax unified
 527              		.thumb
 528              		.thumb_func
 529              		.fpu softvfp
 531              	TFT_FillScreen:
 532              	.LVL51:
 533              	.LFB70:
ARM GAS  /tmp/cctKnHFV.s 			page 19


 231:Core/Src/main.c ****     TFT_SetAddressWindow(0, 0, TFT_WIDTH - 1, TFT_HEIGHT - 1);
 534              		.loc 1 231 37 is_stmt 1 view -0
 535              		.cfi_startproc
 536              		@ args = 0, pretend = 0, frame = 8
 537              		@ frame_needed = 0, uses_anonymous_args = 0
 231:Core/Src/main.c ****     TFT_SetAddressWindow(0, 0, TFT_WIDTH - 1, TFT_HEIGHT - 1);
 538              		.loc 1 231 37 is_stmt 0 view .LVU89
 539 0000 30B5     		push	{r4, r5, lr}
 540              	.LCFI16:
 541              		.cfi_def_cfa_offset 12
 542              		.cfi_offset 4, -12
 543              		.cfi_offset 5, -8
 544              		.cfi_offset 14, -4
 545 0002 83B0     		sub	sp, sp, #12
 546              	.LCFI17:
 547              		.cfi_def_cfa_offset 24
 548 0004 0446     		mov	r4, r0
 232:Core/Src/main.c ****     TFT_DC_DATA();
 549              		.loc 1 232 5 is_stmt 1 view .LVU90
 550 0006 9F23     		movs	r3, #159
 551 0008 7F22     		movs	r2, #127
 552 000a 0021     		movs	r1, #0
 553 000c 0846     		mov	r0, r1
 554              	.LVL52:
 232:Core/Src/main.c ****     TFT_DC_DATA();
 555              		.loc 1 232 5 is_stmt 0 view .LVU91
 556 000e FFF7FEFF 		bl	TFT_SetAddressWindow
 557              	.LVL53:
 233:Core/Src/main.c ****     TFT_CS_LOW();
 558              		.loc 1 233 5 is_stmt 1 view .LVU92
 559 0012 124D     		ldr	r5, .L34
 560 0014 0122     		movs	r2, #1
 561 0016 0821     		movs	r1, #8
 562 0018 2846     		mov	r0, r5
 563 001a FFF7FEFF 		bl	HAL_GPIO_WritePin
 564              	.LVL54:
 234:Core/Src/main.c ****     uint8_t colorData[2] = { color >> 8, color & 0xFF };
 565              		.loc 1 234 5 view .LVU93
 566 001e 0022     		movs	r2, #0
 567 0020 1021     		movs	r1, #16
 568 0022 2846     		mov	r0, r5
 569 0024 FFF7FEFF 		bl	HAL_GPIO_WritePin
 570              	.LVL55:
 235:Core/Src/main.c ****     for (uint32_t i = 0; i < (uint32_t)(TFT_WIDTH * TFT_HEIGHT); i++) {
 571              		.loc 1 235 5 view .LVU94
 235:Core/Src/main.c ****     for (uint32_t i = 0; i < (uint32_t)(TFT_WIDTH * TFT_HEIGHT); i++) {
 572              		.loc 1 235 13 is_stmt 0 view .LVU95
 573 0028 230A     		lsrs	r3, r4, #8
 574 002a 8DF80430 		strb	r3, [sp, #4]
 575 002e 8DF80540 		strb	r4, [sp, #5]
 236:Core/Src/main.c ****         HAL_SPI_Transmit(&hspi1, colorData, 2, HAL_MAX_DELAY);
 576              		.loc 1 236 5 is_stmt 1 view .LVU96
 577              	.LBB6:
 236:Core/Src/main.c ****         HAL_SPI_Transmit(&hspi1, colorData, 2, HAL_MAX_DELAY);
 578              		.loc 1 236 10 view .LVU97
 579              	.LVL56:
 236:Core/Src/main.c ****         HAL_SPI_Transmit(&hspi1, colorData, 2, HAL_MAX_DELAY);
ARM GAS  /tmp/cctKnHFV.s 			page 20


 580              		.loc 1 236 19 is_stmt 0 view .LVU98
 581 0032 0024     		movs	r4, #0
 236:Core/Src/main.c ****         HAL_SPI_Transmit(&hspi1, colorData, 2, HAL_MAX_DELAY);
 582              		.loc 1 236 5 view .LVU99
 583 0034 07E0     		b	.L31
 584              	.LVL57:
 585              	.L32:
 237:Core/Src/main.c ****     }
 586              		.loc 1 237 9 is_stmt 1 discriminator 3 view .LVU100
 587 0036 4FF0FF33 		mov	r3, #-1
 588 003a 0222     		movs	r2, #2
 589 003c 01A9     		add	r1, sp, #4
 590 003e 0848     		ldr	r0, .L34+4
 591 0040 FFF7FEFF 		bl	HAL_SPI_Transmit
 592              	.LVL58:
 236:Core/Src/main.c ****         HAL_SPI_Transmit(&hspi1, colorData, 2, HAL_MAX_DELAY);
 593              		.loc 1 236 66 discriminator 3 view .LVU101
 236:Core/Src/main.c ****         HAL_SPI_Transmit(&hspi1, colorData, 2, HAL_MAX_DELAY);
 594              		.loc 1 236 67 is_stmt 0 discriminator 3 view .LVU102
 595 0044 0134     		adds	r4, r4, #1
 596              	.LVL59:
 597              	.L31:
 236:Core/Src/main.c ****         HAL_SPI_Transmit(&hspi1, colorData, 2, HAL_MAX_DELAY);
 598              		.loc 1 236 26 is_stmt 1 discriminator 1 view .LVU103
 236:Core/Src/main.c ****         HAL_SPI_Transmit(&hspi1, colorData, 2, HAL_MAX_DELAY);
 599              		.loc 1 236 5 is_stmt 0 discriminator 1 view .LVU104
 600 0046 B4F5A04F 		cmp	r4, #20480
 601 004a F4D3     		bcc	.L32
 602              	.LBE6:
 239:Core/Src/main.c **** }
 603              		.loc 1 239 5 is_stmt 1 view .LVU105
 604 004c 0122     		movs	r2, #1
 605 004e 1021     		movs	r1, #16
 606 0050 0248     		ldr	r0, .L34
 607 0052 FFF7FEFF 		bl	HAL_GPIO_WritePin
 608              	.LVL60:
 240:Core/Src/main.c **** 
 609              		.loc 1 240 1 is_stmt 0 view .LVU106
 610 0056 03B0     		add	sp, sp, #12
 611              	.LCFI18:
 612              		.cfi_def_cfa_offset 12
 613              		@ sp needed
 614 0058 30BD     		pop	{r4, r5, pc}
 615              	.LVL61:
 616              	.L35:
 240:Core/Src/main.c **** 
 617              		.loc 1 240 1 view .LVU107
 618 005a 00BF     		.align	2
 619              	.L34:
 620 005c 00080140 		.word	1073809408
 621 0060 00000000 		.word	.LANCHOR0
 622              		.cfi_endproc
 623              	.LFE70:
 625              		.section	.text.TFT_DrawChar,"ax",%progbits
 626              		.align	1
 627              		.global	TFT_DrawChar
 628              		.syntax unified
ARM GAS  /tmp/cctKnHFV.s 			page 21


 629              		.thumb
 630              		.thumb_func
 631              		.fpu softvfp
 633              	TFT_DrawChar:
 634              	.LVL62:
 635              	.LFB71:
 243:Core/Src/main.c ****     if (c < ' ' || c > 'z') return;
 636              		.loc 1 243 94 is_stmt 1 view -0
 637              		.cfi_startproc
 638              		@ args = 8, pretend = 0, frame = 24
 639              		@ frame_needed = 0, uses_anonymous_args = 0
 243:Core/Src/main.c ****     if (c < ' ' || c > 'z') return;
 640              		.loc 1 243 94 is_stmt 0 view .LVU109
 641 0000 2DE9F04F 		push	{r4, r5, r6, r7, r8, r9, r10, fp, lr}
 642              	.LCFI19:
 643              		.cfi_def_cfa_offset 36
 644              		.cfi_offset 4, -36
 645              		.cfi_offset 5, -32
 646              		.cfi_offset 6, -28
 647              		.cfi_offset 7, -24
 648              		.cfi_offset 8, -20
 649              		.cfi_offset 9, -16
 650              		.cfi_offset 10, -12
 651              		.cfi_offset 11, -8
 652              		.cfi_offset 14, -4
 653 0004 87B0     		sub	sp, sp, #28
 654              	.LCFI20:
 655              		.cfi_def_cfa_offset 64
 656 0006 9A46     		mov	r10, r3
 657 0008 BDF84030 		ldrh	r3, [sp, #64]
 658              	.LVL63:
 243:Core/Src/main.c ****     if (c < ' ' || c > 'z') return;
 659              		.loc 1 243 94 view .LVU110
 660 000c 0393     		str	r3, [sp, #12]
 661 000e 9DF84450 		ldrb	r5, [sp, #68]	@ zero_extendqisi2
 244:Core/Src/main.c ****     uint8_t charIndex = c - ' ';
 662              		.loc 1 244 5 is_stmt 1 view .LVU111
 244:Core/Src/main.c ****     uint8_t charIndex = c - ' ';
 663              		.loc 1 244 17 is_stmt 0 view .LVU112
 664 0012 203A     		subs	r2, r2, #32
 665              	.LVL64:
 244:Core/Src/main.c ****     uint8_t charIndex = c - ' ';
 666              		.loc 1 244 17 view .LVU113
 667 0014 D3B2     		uxtb	r3, r2
 668 0016 0593     		str	r3, [sp, #20]
 244:Core/Src/main.c ****     uint8_t charIndex = c - ' ';
 669              		.loc 1 244 8 view .LVU114
 670 0018 5A2B     		cmp	r3, #90
 671 001a 74D8     		bhi	.L36
 672 001c 8046     		mov	r8, r0
 673 001e 8946     		mov	r9, r1
 674              	.LBB7:
 247:Core/Src/main.c ****         uint8_t line = Font5x7[charIndex][i];
 675              		.loc 1 247 17 view .LVU115
 676 0020 0027     		movs	r7, #0
 677 0022 65E0     		b	.L38
 678              	.LVL65:
ARM GAS  /tmp/cctKnHFV.s 			page 22


 679              	.L56:
 680              	.LBB8:
 681              	.LBB9:
 252:Core/Src/main.c ****                 } else {
 682              		.loc 1 252 21 is_stmt 1 view .LVU116
 683 0024 09EB0601 		add	r1, r9, r6
 684 0028 08EB0700 		add	r0, r8, r7
 685 002c 5246     		mov	r2, r10
 686 002e 89B2     		uxth	r1, r1
 687 0030 80B2     		uxth	r0, r0
 688 0032 FFF7FEFF 		bl	TFT_DrawPixel
 689              	.LVL66:
 690              	.L42:
 271:Core/Src/main.c ****         }
 691              		.loc 1 271 13 discriminator 2 view .LVU117
 271:Core/Src/main.c ****         }
 692              		.loc 1 271 18 is_stmt 0 discriminator 2 view .LVU118
 693 0036 019B     		ldr	r3, [sp, #4]
 694 0038 5B08     		lsrs	r3, r3, #1
 695 003a 0193     		str	r3, [sp, #4]
 696              	.LVL67:
 249:Core/Src/main.c ****             if (line & 0x01) {
 697              		.loc 1 249 35 is_stmt 1 discriminator 2 view .LVU119
 249:Core/Src/main.c ****             if (line & 0x01) {
 698              		.loc 1 249 36 is_stmt 0 discriminator 2 view .LVU120
 699 003c 0136     		adds	r6, r6, #1
 700              	.LVL68:
 249:Core/Src/main.c ****             if (line & 0x01) {
 701              		.loc 1 249 36 discriminator 2 view .LVU121
 702 003e 76B2     		sxtb	r6, r6
 703              	.LVL69:
 704              	.L39:
 249:Core/Src/main.c ****             if (line & 0x01) {
 705              		.loc 1 249 28 is_stmt 1 discriminator 1 view .LVU122
 249:Core/Src/main.c ****             if (line & 0x01) {
 706              		.loc 1 249 9 is_stmt 0 discriminator 1 view .LVU123
 707 0040 072E     		cmp	r6, #7
 708 0042 53DC     		bgt	.L55
 250:Core/Src/main.c ****                 if (size == 1) {
 709              		.loc 1 250 13 is_stmt 1 view .LVU124
 250:Core/Src/main.c ****                 if (size == 1) {
 710              		.loc 1 250 16 is_stmt 0 view .LVU125
 711 0044 019B     		ldr	r3, [sp, #4]
 712 0046 13F00103 		ands	r3, r3, #1
 713 004a 0293     		str	r3, [sp, #8]
 714 004c 1DD0     		beq	.L40
 251:Core/Src/main.c ****                     TFT_DrawPixel(x + i, y + j, color);
 715              		.loc 1 251 17 is_stmt 1 view .LVU126
 251:Core/Src/main.c ****                     TFT_DrawPixel(x + i, y + j, color);
 716              		.loc 1 251 20 is_stmt 0 view .LVU127
 717 004e 012D     		cmp	r5, #1
 718 0050 E8D0     		beq	.L56
 719              	.LBB10:
 254:Core/Src/main.c ****                         for (uint8_t b = 0; b < size; b++) {
 720              		.loc 1 254 34 view .LVU128
 721 0052 4FF0000B 		mov	fp, #0
 722 0056 14E0     		b	.L41
ARM GAS  /tmp/cctKnHFV.s 			page 23


 723              	.LVL70:
 724              	.L43:
 725              	.LBB11:
 256:Core/Src/main.c ****                         }
 726              		.loc 1 256 29 is_stmt 1 discriminator 3 view .LVU129
 256:Core/Src/main.c ****                         }
 727              		.loc 1 256 45 is_stmt 0 discriminator 3 view .LVU130
 728 0058 05FB0780 		mla	r0, r5, r7, r8
 729 005c 80B2     		uxth	r0, r0
 256:Core/Src/main.c ****                         }
 730              		.loc 1 256 65 discriminator 3 view .LVU131
 731 005e 05FB0691 		mla	r1, r5, r6, r9
 732 0062 89B2     		uxth	r1, r1
 256:Core/Src/main.c ****                         }
 733              		.loc 1 256 29 discriminator 3 view .LVU132
 734 0064 2144     		add	r1, r1, r4
 735 0066 5844     		add	r0, r0, fp
 736 0068 5246     		mov	r2, r10
 737 006a 89B2     		uxth	r1, r1
 738 006c 80B2     		uxth	r0, r0
 739 006e FFF7FEFF 		bl	TFT_DrawPixel
 740              	.LVL71:
 255:Core/Src/main.c ****                             TFT_DrawPixel(x + (i * size) + a, y + (j * size) + b, color);
 741              		.loc 1 255 55 is_stmt 1 discriminator 3 view .LVU133
 255:Core/Src/main.c ****                             TFT_DrawPixel(x + (i * size) + a, y + (j * size) + b, color);
 742              		.loc 1 255 56 is_stmt 0 discriminator 3 view .LVU134
 743 0072 0134     		adds	r4, r4, #1
 744              	.LVL72:
 255:Core/Src/main.c ****                             TFT_DrawPixel(x + (i * size) + a, y + (j * size) + b, color);
 745              		.loc 1 255 56 discriminator 3 view .LVU135
 746 0074 E4B2     		uxtb	r4, r4
 747              	.LVL73:
 748              	.L44:
 255:Core/Src/main.c ****                             TFT_DrawPixel(x + (i * size) + a, y + (j * size) + b, color);
 749              		.loc 1 255 45 is_stmt 1 discriminator 1 view .LVU136
 255:Core/Src/main.c ****                             TFT_DrawPixel(x + (i * size) + a, y + (j * size) + b, color);
 750              		.loc 1 255 25 is_stmt 0 discriminator 1 view .LVU137
 751 0076 AC42     		cmp	r4, r5
 752 0078 EED3     		bcc	.L43
 753              	.LBE11:
 254:Core/Src/main.c ****                         for (uint8_t b = 0; b < size; b++) {
 754              		.loc 1 254 51 is_stmt 1 discriminator 2 view .LVU138
 254:Core/Src/main.c ****                         for (uint8_t b = 0; b < size; b++) {
 755              		.loc 1 254 52 is_stmt 0 discriminator 2 view .LVU139
 756 007a 0BF1010B 		add	fp, fp, #1
 757              	.LVL74:
 254:Core/Src/main.c ****                         for (uint8_t b = 0; b < size; b++) {
 758              		.loc 1 254 52 discriminator 2 view .LVU140
 759 007e 5FFA8BFB 		uxtb	fp, fp
 760              	.LVL75:
 761              	.L41:
 254:Core/Src/main.c ****                         for (uint8_t b = 0; b < size; b++) {
 762              		.loc 1 254 41 is_stmt 1 discriminator 1 view .LVU141
 254:Core/Src/main.c ****                         for (uint8_t b = 0; b < size; b++) {
 763              		.loc 1 254 21 is_stmt 0 discriminator 1 view .LVU142
 764 0082 AB45     		cmp	fp, r5
 765 0084 D7D2     		bcs	.L42
ARM GAS  /tmp/cctKnHFV.s 			page 24


 766              	.LBB12:
 255:Core/Src/main.c ****                             TFT_DrawPixel(x + (i * size) + a, y + (j * size) + b, color);
 767              		.loc 1 255 38 view .LVU143
 768 0086 0024     		movs	r4, #0
 769 0088 F5E7     		b	.L44
 770              	.LVL76:
 771              	.L40:
 255:Core/Src/main.c ****                             TFT_DrawPixel(x + (i * size) + a, y + (j * size) + b, color);
 772              		.loc 1 255 38 view .LVU144
 773              	.LBE12:
 774              	.LBE10:
 260:Core/Src/main.c ****                 if (size == 1) {
 775              		.loc 1 260 20 is_stmt 1 view .LVU145
 260:Core/Src/main.c ****                 if (size == 1) {
 776              		.loc 1 260 23 is_stmt 0 view .LVU146
 777 008a 039A     		ldr	r2, [sp, #12]
 778 008c 5245     		cmp	r2, r10
 779 008e D2D0     		beq	.L42
 261:Core/Src/main.c ****                     TFT_DrawPixel(x + i, y + j, bg);
 780              		.loc 1 261 17 is_stmt 1 view .LVU147
 261:Core/Src/main.c ****                     TFT_DrawPixel(x + i, y + j, bg);
 781              		.loc 1 261 20 is_stmt 0 view .LVU148
 782 0090 012D     		cmp	r5, #1
 783 0092 06D0     		beq	.L57
 784              	.LBB13:
 264:Core/Src/main.c ****                         for (uint8_t b = 0; b < size; b++) {
 785              		.loc 1 264 34 view .LVU149
 786 0094 DDF808B0 		ldr	fp, [sp, #8]
 787 0098 CDF810A0 		str	r10, [sp, #16]
 788 009c DDF80CA0 		ldr	r10, [sp, #12]
 789 00a0 1DE0     		b	.L45
 790              	.L57:
 791              	.LBE13:
 262:Core/Src/main.c ****                 } else {
 792              		.loc 1 262 21 is_stmt 1 view .LVU150
 793 00a2 09EB0601 		add	r1, r9, r6
 794 00a6 08EB0700 		add	r0, r8, r7
 795 00aa 89B2     		uxth	r1, r1
 796 00ac 80B2     		uxth	r0, r0
 797 00ae FFF7FEFF 		bl	TFT_DrawPixel
 798              	.LVL77:
 799 00b2 C0E7     		b	.L42
 800              	.LVL78:
 801              	.L46:
 802              	.LBB16:
 803              	.LBB14:
 266:Core/Src/main.c ****                         }
 804              		.loc 1 266 29 discriminator 3 view .LVU151
 266:Core/Src/main.c ****                         }
 805              		.loc 1 266 45 is_stmt 0 discriminator 3 view .LVU152
 806 00b4 05FB0780 		mla	r0, r5, r7, r8
 807 00b8 80B2     		uxth	r0, r0
 266:Core/Src/main.c ****                         }
 808              		.loc 1 266 65 discriminator 3 view .LVU153
 809 00ba 05FB0691 		mla	r1, r5, r6, r9
 810 00be 89B2     		uxth	r1, r1
 266:Core/Src/main.c ****                         }
ARM GAS  /tmp/cctKnHFV.s 			page 25


 811              		.loc 1 266 29 discriminator 3 view .LVU154
 812 00c0 2144     		add	r1, r1, r4
 813 00c2 5844     		add	r0, r0, fp
 814 00c4 5246     		mov	r2, r10
 815 00c6 89B2     		uxth	r1, r1
 816 00c8 80B2     		uxth	r0, r0
 817 00ca FFF7FEFF 		bl	TFT_DrawPixel
 818              	.LVL79:
 265:Core/Src/main.c ****                             TFT_DrawPixel(x + (i * size) + a, y + (j * size) + b, bg);
 819              		.loc 1 265 55 is_stmt 1 discriminator 3 view .LVU155
 265:Core/Src/main.c ****                             TFT_DrawPixel(x + (i * size) + a, y + (j * size) + b, bg);
 820              		.loc 1 265 56 is_stmt 0 discriminator 3 view .LVU156
 821 00ce 0134     		adds	r4, r4, #1
 822              	.LVL80:
 265:Core/Src/main.c ****                             TFT_DrawPixel(x + (i * size) + a, y + (j * size) + b, bg);
 823              		.loc 1 265 56 discriminator 3 view .LVU157
 824 00d0 E4B2     		uxtb	r4, r4
 825              	.LVL81:
 826              	.L47:
 265:Core/Src/main.c ****                             TFT_DrawPixel(x + (i * size) + a, y + (j * size) + b, bg);
 827              		.loc 1 265 45 is_stmt 1 discriminator 1 view .LVU158
 265:Core/Src/main.c ****                             TFT_DrawPixel(x + (i * size) + a, y + (j * size) + b, bg);
 828              		.loc 1 265 25 is_stmt 0 discriminator 1 view .LVU159
 829 00d2 AC42     		cmp	r4, r5
 830 00d4 EED3     		bcc	.L46
 831              	.LBE14:
 264:Core/Src/main.c ****                         for (uint8_t b = 0; b < size; b++) {
 832              		.loc 1 264 51 is_stmt 1 discriminator 2 view .LVU160
 264:Core/Src/main.c ****                         for (uint8_t b = 0; b < size; b++) {
 833              		.loc 1 264 52 is_stmt 0 discriminator 2 view .LVU161
 834 00d6 0BF1010B 		add	fp, fp, #1
 835              	.LVL82:
 264:Core/Src/main.c ****                         for (uint8_t b = 0; b < size; b++) {
 836              		.loc 1 264 52 discriminator 2 view .LVU162
 837 00da 5FFA8BFB 		uxtb	fp, fp
 838              	.LVL83:
 839              	.L45:
 264:Core/Src/main.c ****                         for (uint8_t b = 0; b < size; b++) {
 840              		.loc 1 264 41 is_stmt 1 discriminator 1 view .LVU163
 264:Core/Src/main.c ****                         for (uint8_t b = 0; b < size; b++) {
 841              		.loc 1 264 21 is_stmt 0 discriminator 1 view .LVU164
 842 00de AB45     		cmp	fp, r5
 843 00e0 01D2     		bcs	.L58
 844              	.LBB15:
 265:Core/Src/main.c ****                             TFT_DrawPixel(x + (i * size) + a, y + (j * size) + b, bg);
 845              		.loc 1 265 38 view .LVU165
 846 00e2 029C     		ldr	r4, [sp, #8]
 847 00e4 F5E7     		b	.L47
 848              	.L58:
 849 00e6 DDF810A0 		ldr	r10, [sp, #16]
 850 00ea A4E7     		b	.L42
 851              	.LVL84:
 852              	.L55:
 265:Core/Src/main.c ****                             TFT_DrawPixel(x + (i * size) + a, y + (j * size) + b, bg);
 853              		.loc 1 265 38 view .LVU166
 854              	.LBE15:
 855              	.LBE16:
ARM GAS  /tmp/cctKnHFV.s 			page 26


 856              	.LBE9:
 857              	.LBE8:
 247:Core/Src/main.c ****         uint8_t line = Font5x7[charIndex][i];
 858              		.loc 1 247 31 is_stmt 1 discriminator 2 view .LVU167
 247:Core/Src/main.c ****         uint8_t line = Font5x7[charIndex][i];
 859              		.loc 1 247 32 is_stmt 0 discriminator 2 view .LVU168
 860 00ec 0137     		adds	r7, r7, #1
 861              	.LVL85:
 247:Core/Src/main.c ****         uint8_t line = Font5x7[charIndex][i];
 862              		.loc 1 247 32 discriminator 2 view .LVU169
 863 00ee 7FB2     		sxtb	r7, r7
 864              	.LVL86:
 865              	.L38:
 247:Core/Src/main.c ****         uint8_t line = Font5x7[charIndex][i];
 866              		.loc 1 247 24 is_stmt 1 discriminator 1 view .LVU170
 247:Core/Src/main.c ****         uint8_t line = Font5x7[charIndex][i];
 867              		.loc 1 247 5 is_stmt 0 discriminator 1 view .LVU171
 868 00f0 042F     		cmp	r7, #4
 869 00f2 08DC     		bgt	.L36
 870              	.LBB18:
 248:Core/Src/main.c ****         for (int8_t j = 0; j < 8; j++) {
 871              		.loc 1 248 9 is_stmt 1 view .LVU172
 248:Core/Src/main.c ****         for (int8_t j = 0; j < 8; j++) {
 872              		.loc 1 248 17 is_stmt 0 view .LVU173
 873 00f4 059B     		ldr	r3, [sp, #20]
 874 00f6 03EB8302 		add	r2, r3, r3, lsl #2
 875 00fa 044B     		ldr	r3, .L59
 876 00fc 1344     		add	r3, r3, r2
 877 00fe DB5D     		ldrb	r3, [r3, r7]	@ zero_extendqisi2
 878 0100 0193     		str	r3, [sp, #4]
 879              	.LVL87:
 249:Core/Src/main.c ****             if (line & 0x01) {
 880              		.loc 1 249 9 is_stmt 1 view .LVU174
 881              	.LBB17:
 249:Core/Src/main.c ****             if (line & 0x01) {
 882              		.loc 1 249 14 view .LVU175
 249:Core/Src/main.c ****             if (line & 0x01) {
 883              		.loc 1 249 21 is_stmt 0 view .LVU176
 884 0102 0026     		movs	r6, #0
 249:Core/Src/main.c ****             if (line & 0x01) {
 885              		.loc 1 249 9 view .LVU177
 886 0104 9CE7     		b	.L39
 887              	.LVL88:
 888              	.L36:
 249:Core/Src/main.c ****             if (line & 0x01) {
 889              		.loc 1 249 9 view .LVU178
 890              	.LBE17:
 891              	.LBE18:
 892              	.LBE7:
 274:Core/Src/main.c **** 
 893              		.loc 1 274 1 view .LVU179
 894 0106 07B0     		add	sp, sp, #28
 895              	.LCFI21:
 896              		.cfi_def_cfa_offset 36
 897              		@ sp needed
 898 0108 BDE8F08F 		pop	{r4, r5, r6, r7, r8, r9, r10, fp, pc}
 899              	.LVL89:
ARM GAS  /tmp/cctKnHFV.s 			page 27


 900              	.L60:
 274:Core/Src/main.c **** 
 901              		.loc 1 274 1 view .LVU180
 902              		.align	2
 903              	.L59:
 904 010c 00000000 		.word	.LANCHOR1
 905              		.cfi_endproc
 906              	.LFE71:
 908              		.section	.text.TFT_PrintString,"ax",%progbits
 909              		.align	1
 910              		.global	TFT_PrintString
 911              		.syntax unified
 912              		.thumb
 913              		.thumb_func
 914              		.fpu softvfp
 916              	TFT_PrintString:
 917              	.LVL90:
 918              	.LFB72:
 277:Core/Src/main.c ****     while (*str) {
 919              		.loc 1 277 106 is_stmt 1 view -0
 920              		.cfi_startproc
 921              		@ args = 8, pretend = 0, frame = 0
 922              		@ frame_needed = 0, uses_anonymous_args = 0
 277:Core/Src/main.c ****     while (*str) {
 923              		.loc 1 277 106 is_stmt 0 view .LVU182
 924 0000 2DE9F043 		push	{r4, r5, r6, r7, r8, r9, lr}
 925              	.LCFI22:
 926              		.cfi_def_cfa_offset 28
 927              		.cfi_offset 4, -28
 928              		.cfi_offset 5, -24
 929              		.cfi_offset 6, -20
 930              		.cfi_offset 7, -16
 931              		.cfi_offset 8, -12
 932              		.cfi_offset 9, -8
 933              		.cfi_offset 14, -4
 934 0004 83B0     		sub	sp, sp, #12
 935              	.LCFI23:
 936              		.cfi_def_cfa_offset 40
 937 0006 0546     		mov	r5, r0
 938 0008 8846     		mov	r8, r1
 939 000a 1446     		mov	r4, r2
 940 000c 1F46     		mov	r7, r3
 941 000e BDF82890 		ldrh	r9, [sp, #40]
 942 0012 9DF82C60 		ldrb	r6, [sp, #44]	@ zero_extendqisi2
 278:Core/Src/main.c ****         TFT_DrawChar(x, y, *str, color, bg, size);
 943              		.loc 1 278 5 is_stmt 1 view .LVU183
 278:Core/Src/main.c ****         TFT_DrawChar(x, y, *str, color, bg, size);
 944              		.loc 1 278 11 is_stmt 0 view .LVU184
 945 0016 0DE0     		b	.L62
 946              	.LVL91:
 947              	.L63:
 279:Core/Src/main.c ****         x += (6 * size); // Khoảng cách ký tự (5 cột font + 1 cột đệm)
 948              		.loc 1 279 9 is_stmt 1 view .LVU185
 949 0018 0196     		str	r6, [sp, #4]
 950 001a CDF80090 		str	r9, [sp]
 951 001e 3B46     		mov	r3, r7
 952 0020 4146     		mov	r1, r8
ARM GAS  /tmp/cctKnHFV.s 			page 28


 953 0022 2846     		mov	r0, r5
 954 0024 FFF7FEFF 		bl	TFT_DrawChar
 955              	.LVL92:
 280:Core/Src/main.c ****         str++;
 956              		.loc 1 280 9 view .LVU186
 280:Core/Src/main.c ****         str++;
 957              		.loc 1 280 11 is_stmt 0 view .LVU187
 958 0028 06EB4600 		add	r0, r6, r6, lsl #1
 959 002c 05EB4000 		add	r0, r5, r0, lsl #1
 960 0030 85B2     		uxth	r5, r0
 961              	.LVL93:
 281:Core/Src/main.c ****     }
 962              		.loc 1 281 9 is_stmt 1 view .LVU188
 281:Core/Src/main.c ****     }
 963              		.loc 1 281 12 is_stmt 0 view .LVU189
 964 0032 0134     		adds	r4, r4, #1
 965              	.LVL94:
 966              	.L62:
 278:Core/Src/main.c ****         TFT_DrawChar(x, y, *str, color, bg, size);
 967              		.loc 1 278 11 is_stmt 1 view .LVU190
 278:Core/Src/main.c ****         TFT_DrawChar(x, y, *str, color, bg, size);
 968              		.loc 1 278 12 is_stmt 0 view .LVU191
 969 0034 2278     		ldrb	r2, [r4]	@ zero_extendqisi2
 278:Core/Src/main.c ****         TFT_DrawChar(x, y, *str, color, bg, size);
 970              		.loc 1 278 11 view .LVU192
 971 0036 002A     		cmp	r2, #0
 972 0038 EED1     		bne	.L63
 283:Core/Src/main.c **** /* USER CODE END 0 */
 973              		.loc 1 283 1 view .LVU193
 974 003a 03B0     		add	sp, sp, #12
 975              	.LCFI24:
 976              		.cfi_def_cfa_offset 28
 977              		@ sp needed
 978 003c BDE8F083 		pop	{r4, r5, r6, r7, r8, r9, pc}
 283:Core/Src/main.c **** /* USER CODE END 0 */
 979              		.loc 1 283 1 view .LVU194
 980              		.cfi_endproc
 981              	.LFE72:
 983              		.section	.text.Error_Handler,"ax",%progbits
 984              		.align	1
 985              		.global	Error_Handler
 986              		.syntax unified
 987              		.thumb
 988              		.thumb_func
 989              		.fpu softvfp
 991              	Error_Handler:
 992              	.LFB77:
 445:Core/Src/main.c **** 
 446:Core/Src/main.c **** /* USER CODE BEGIN 4 */
 447:Core/Src/main.c **** 
 448:Core/Src/main.c **** /* USER CODE END 4 */
 449:Core/Src/main.c **** 
 450:Core/Src/main.c **** /**
 451:Core/Src/main.c ****   * @brief  This function is executed in case of error occurrence.
 452:Core/Src/main.c ****   * @retval None
 453:Core/Src/main.c ****   */
 454:Core/Src/main.c **** void Error_Handler(void)
ARM GAS  /tmp/cctKnHFV.s 			page 29


 455:Core/Src/main.c **** {
 993              		.loc 1 455 1 is_stmt 1 view -0
 994              		.cfi_startproc
 995              		@ Volatile: function does not return.
 996              		@ args = 0, pretend = 0, frame = 0
 997              		@ frame_needed = 0, uses_anonymous_args = 0
 998              		@ link register save eliminated.
 456:Core/Src/main.c ****   /* USER CODE BEGIN Error_Handler_Debug */
 457:Core/Src/main.c ****   /* User can add his own implementation to report the HAL error return state */
 458:Core/Src/main.c ****   __disable_irq();
 999              		.loc 1 458 3 view .LVU196
 1000              	.LBB19:
 1001              	.LBI19:
 1002              		.file 2 "Drivers/CMSIS/Include/cmsis_gcc.h"
   1:Drivers/CMSIS/Include/cmsis_gcc.h **** /**************************************************************************//**
   2:Drivers/CMSIS/Include/cmsis_gcc.h ****  * @file     cmsis_gcc.h
   3:Drivers/CMSIS/Include/cmsis_gcc.h ****  * @brief    CMSIS compiler GCC header file
   4:Drivers/CMSIS/Include/cmsis_gcc.h ****  * @version  V5.0.4
   5:Drivers/CMSIS/Include/cmsis_gcc.h ****  * @date     09. April 2018
   6:Drivers/CMSIS/Include/cmsis_gcc.h ****  ******************************************************************************/
   7:Drivers/CMSIS/Include/cmsis_gcc.h **** /*
   8:Drivers/CMSIS/Include/cmsis_gcc.h ****  * Copyright (c) 2009-2018 Arm Limited. All rights reserved.
   9:Drivers/CMSIS/Include/cmsis_gcc.h ****  *
  10:Drivers/CMSIS/Include/cmsis_gcc.h ****  * SPDX-License-Identifier: Apache-2.0
  11:Drivers/CMSIS/Include/cmsis_gcc.h ****  *
  12:Drivers/CMSIS/Include/cmsis_gcc.h ****  * Licensed under the Apache License, Version 2.0 (the License); you may
  13:Drivers/CMSIS/Include/cmsis_gcc.h ****  * not use this file except in compliance with the License.
  14:Drivers/CMSIS/Include/cmsis_gcc.h ****  * You may obtain a copy of the License at
  15:Drivers/CMSIS/Include/cmsis_gcc.h ****  *
  16:Drivers/CMSIS/Include/cmsis_gcc.h ****  * www.apache.org/licenses/LICENSE-2.0
  17:Drivers/CMSIS/Include/cmsis_gcc.h ****  *
  18:Drivers/CMSIS/Include/cmsis_gcc.h ****  * Unless required by applicable law or agreed to in writing, software
  19:Drivers/CMSIS/Include/cmsis_gcc.h ****  * distributed under the License is distributed on an AS IS BASIS, WITHOUT
  20:Drivers/CMSIS/Include/cmsis_gcc.h ****  * WARRANTIES OR CONDITIONS OF ANY KIND, either express or implied.
  21:Drivers/CMSIS/Include/cmsis_gcc.h ****  * See the License for the specific language governing permissions and
  22:Drivers/CMSIS/Include/cmsis_gcc.h ****  * limitations under the License.
  23:Drivers/CMSIS/Include/cmsis_gcc.h ****  */
  24:Drivers/CMSIS/Include/cmsis_gcc.h **** 
  25:Drivers/CMSIS/Include/cmsis_gcc.h **** #ifndef __CMSIS_GCC_H
  26:Drivers/CMSIS/Include/cmsis_gcc.h **** #define __CMSIS_GCC_H
  27:Drivers/CMSIS/Include/cmsis_gcc.h **** 
  28:Drivers/CMSIS/Include/cmsis_gcc.h **** /* ignore some GCC warnings */
  29:Drivers/CMSIS/Include/cmsis_gcc.h **** #pragma GCC diagnostic push
  30:Drivers/CMSIS/Include/cmsis_gcc.h **** #pragma GCC diagnostic ignored "-Wsign-conversion"
  31:Drivers/CMSIS/Include/cmsis_gcc.h **** #pragma GCC diagnostic ignored "-Wconversion"
  32:Drivers/CMSIS/Include/cmsis_gcc.h **** #pragma GCC diagnostic ignored "-Wunused-parameter"
  33:Drivers/CMSIS/Include/cmsis_gcc.h **** 
  34:Drivers/CMSIS/Include/cmsis_gcc.h **** /* Fallback for __has_builtin */
  35:Drivers/CMSIS/Include/cmsis_gcc.h **** #ifndef __has_builtin
  36:Drivers/CMSIS/Include/cmsis_gcc.h ****   #define __has_builtin(x) (0)
  37:Drivers/CMSIS/Include/cmsis_gcc.h **** #endif
  38:Drivers/CMSIS/Include/cmsis_gcc.h **** 
  39:Drivers/CMSIS/Include/cmsis_gcc.h **** /* CMSIS compiler specific defines */
  40:Drivers/CMSIS/Include/cmsis_gcc.h **** #ifndef   __ASM
  41:Drivers/CMSIS/Include/cmsis_gcc.h ****   #define __ASM                                  __asm
  42:Drivers/CMSIS/Include/cmsis_gcc.h **** #endif
  43:Drivers/CMSIS/Include/cmsis_gcc.h **** #ifndef   __INLINE
ARM GAS  /tmp/cctKnHFV.s 			page 30


  44:Drivers/CMSIS/Include/cmsis_gcc.h ****   #define __INLINE                               inline
  45:Drivers/CMSIS/Include/cmsis_gcc.h **** #endif
  46:Drivers/CMSIS/Include/cmsis_gcc.h **** #ifndef   __STATIC_INLINE
  47:Drivers/CMSIS/Include/cmsis_gcc.h ****   #define __STATIC_INLINE                        static inline
  48:Drivers/CMSIS/Include/cmsis_gcc.h **** #endif
  49:Drivers/CMSIS/Include/cmsis_gcc.h **** #ifndef   __STATIC_FORCEINLINE                 
  50:Drivers/CMSIS/Include/cmsis_gcc.h ****   #define __STATIC_FORCEINLINE                   __attribute__((always_inline)) static inline
  51:Drivers/CMSIS/Include/cmsis_gcc.h **** #endif                                           
  52:Drivers/CMSIS/Include/cmsis_gcc.h **** #ifndef   __NO_RETURN
  53:Drivers/CMSIS/Include/cmsis_gcc.h ****   #define __NO_RETURN                            __attribute__((__noreturn__))
  54:Drivers/CMSIS/Include/cmsis_gcc.h **** #endif
  55:Drivers/CMSIS/Include/cmsis_gcc.h **** #ifndef   __USED
  56:Drivers/CMSIS/Include/cmsis_gcc.h ****   #define __USED                                 __attribute__((used))
  57:Drivers/CMSIS/Include/cmsis_gcc.h **** #endif
  58:Drivers/CMSIS/Include/cmsis_gcc.h **** #ifndef   __WEAK
  59:Drivers/CMSIS/Include/cmsis_gcc.h ****   #define __WEAK                                 __attribute__((weak))
  60:Drivers/CMSIS/Include/cmsis_gcc.h **** #endif
  61:Drivers/CMSIS/Include/cmsis_gcc.h **** #ifndef   __PACKED
  62:Drivers/CMSIS/Include/cmsis_gcc.h ****   #define __PACKED                               __attribute__((packed, aligned(1)))
  63:Drivers/CMSIS/Include/cmsis_gcc.h **** #endif
  64:Drivers/CMSIS/Include/cmsis_gcc.h **** #ifndef   __PACKED_STRUCT
  65:Drivers/CMSIS/Include/cmsis_gcc.h ****   #define __PACKED_STRUCT                        struct __attribute__((packed, aligned(1)))
  66:Drivers/CMSIS/Include/cmsis_gcc.h **** #endif
  67:Drivers/CMSIS/Include/cmsis_gcc.h **** #ifndef   __PACKED_UNION
  68:Drivers/CMSIS/Include/cmsis_gcc.h ****   #define __PACKED_UNION                         union __attribute__((packed, aligned(1)))
  69:Drivers/CMSIS/Include/cmsis_gcc.h **** #endif
  70:Drivers/CMSIS/Include/cmsis_gcc.h **** #ifndef   __UNALIGNED_UINT32        /* deprecated */
  71:Drivers/CMSIS/Include/cmsis_gcc.h ****   #pragma GCC diagnostic push
  72:Drivers/CMSIS/Include/cmsis_gcc.h ****   #pragma GCC diagnostic ignored "-Wpacked"
  73:Drivers/CMSIS/Include/cmsis_gcc.h ****   #pragma GCC diagnostic ignored "-Wattributes"
  74:Drivers/CMSIS/Include/cmsis_gcc.h ****   struct __attribute__((packed)) T_UINT32 { uint32_t v; };
  75:Drivers/CMSIS/Include/cmsis_gcc.h ****   #pragma GCC diagnostic pop
  76:Drivers/CMSIS/Include/cmsis_gcc.h ****   #define __UNALIGNED_UINT32(x)                  (((struct T_UINT32 *)(x))->v)
  77:Drivers/CMSIS/Include/cmsis_gcc.h **** #endif
  78:Drivers/CMSIS/Include/cmsis_gcc.h **** #ifndef   __UNALIGNED_UINT16_WRITE
  79:Drivers/CMSIS/Include/cmsis_gcc.h ****   #pragma GCC diagnostic push
  80:Drivers/CMSIS/Include/cmsis_gcc.h ****   #pragma GCC diagnostic ignored "-Wpacked"
  81:Drivers/CMSIS/Include/cmsis_gcc.h ****   #pragma GCC diagnostic ignored "-Wattributes"
  82:Drivers/CMSIS/Include/cmsis_gcc.h ****   __PACKED_STRUCT T_UINT16_WRITE { uint16_t v; };
  83:Drivers/CMSIS/Include/cmsis_gcc.h ****   #pragma GCC diagnostic pop
  84:Drivers/CMSIS/Include/cmsis_gcc.h ****   #define __UNALIGNED_UINT16_WRITE(addr, val)    (void)((((struct T_UINT16_WRITE *)(void *)(addr))-
  85:Drivers/CMSIS/Include/cmsis_gcc.h **** #endif
  86:Drivers/CMSIS/Include/cmsis_gcc.h **** #ifndef   __UNALIGNED_UINT16_READ
  87:Drivers/CMSIS/Include/cmsis_gcc.h ****   #pragma GCC diagnostic push
  88:Drivers/CMSIS/Include/cmsis_gcc.h ****   #pragma GCC diagnostic ignored "-Wpacked"
  89:Drivers/CMSIS/Include/cmsis_gcc.h ****   #pragma GCC diagnostic ignored "-Wattributes"
  90:Drivers/CMSIS/Include/cmsis_gcc.h ****   __PACKED_STRUCT T_UINT16_READ { uint16_t v; };
  91:Drivers/CMSIS/Include/cmsis_gcc.h ****   #pragma GCC diagnostic pop
  92:Drivers/CMSIS/Include/cmsis_gcc.h ****   #define __UNALIGNED_UINT16_READ(addr)          (((const struct T_UINT16_READ *)(const void *)(add
  93:Drivers/CMSIS/Include/cmsis_gcc.h **** #endif
  94:Drivers/CMSIS/Include/cmsis_gcc.h **** #ifndef   __UNALIGNED_UINT32_WRITE
  95:Drivers/CMSIS/Include/cmsis_gcc.h ****   #pragma GCC diagnostic push
  96:Drivers/CMSIS/Include/cmsis_gcc.h ****   #pragma GCC diagnostic ignored "-Wpacked"
  97:Drivers/CMSIS/Include/cmsis_gcc.h ****   #pragma GCC diagnostic ignored "-Wattributes"
  98:Drivers/CMSIS/Include/cmsis_gcc.h ****   __PACKED_STRUCT T_UINT32_WRITE { uint32_t v; };
  99:Drivers/CMSIS/Include/cmsis_gcc.h ****   #pragma GCC diagnostic pop
 100:Drivers/CMSIS/Include/cmsis_gcc.h ****   #define __UNALIGNED_UINT32_WRITE(addr, val)    (void)((((struct T_UINT32_WRITE *)(void *)(addr))-
ARM GAS  /tmp/cctKnHFV.s 			page 31


 101:Drivers/CMSIS/Include/cmsis_gcc.h **** #endif
 102:Drivers/CMSIS/Include/cmsis_gcc.h **** #ifndef   __UNALIGNED_UINT32_READ
 103:Drivers/CMSIS/Include/cmsis_gcc.h ****   #pragma GCC diagnostic push
 104:Drivers/CMSIS/Include/cmsis_gcc.h ****   #pragma GCC diagnostic ignored "-Wpacked"
 105:Drivers/CMSIS/Include/cmsis_gcc.h ****   #pragma GCC diagnostic ignored "-Wattributes"
 106:Drivers/CMSIS/Include/cmsis_gcc.h ****   __PACKED_STRUCT T_UINT32_READ { uint32_t v; };
 107:Drivers/CMSIS/Include/cmsis_gcc.h ****   #pragma GCC diagnostic pop
 108:Drivers/CMSIS/Include/cmsis_gcc.h ****   #define __UNALIGNED_UINT32_READ(addr)          (((const struct T_UINT32_READ *)(const void *)(add
 109:Drivers/CMSIS/Include/cmsis_gcc.h **** #endif
 110:Drivers/CMSIS/Include/cmsis_gcc.h **** #ifndef   __ALIGNED
 111:Drivers/CMSIS/Include/cmsis_gcc.h ****   #define __ALIGNED(x)                           __attribute__((aligned(x)))
 112:Drivers/CMSIS/Include/cmsis_gcc.h **** #endif
 113:Drivers/CMSIS/Include/cmsis_gcc.h **** #ifndef   __RESTRICT
 114:Drivers/CMSIS/Include/cmsis_gcc.h ****   #define __RESTRICT                             __restrict
 115:Drivers/CMSIS/Include/cmsis_gcc.h **** #endif
 116:Drivers/CMSIS/Include/cmsis_gcc.h **** 
 117:Drivers/CMSIS/Include/cmsis_gcc.h **** 
 118:Drivers/CMSIS/Include/cmsis_gcc.h **** /* ###########################  Core Function Access  ########################### */
 119:Drivers/CMSIS/Include/cmsis_gcc.h **** /** \ingroup  CMSIS_Core_FunctionInterface
 120:Drivers/CMSIS/Include/cmsis_gcc.h ****     \defgroup CMSIS_Core_RegAccFunctions CMSIS Core Register Access Functions
 121:Drivers/CMSIS/Include/cmsis_gcc.h ****   @{
 122:Drivers/CMSIS/Include/cmsis_gcc.h ****  */
 123:Drivers/CMSIS/Include/cmsis_gcc.h **** 
 124:Drivers/CMSIS/Include/cmsis_gcc.h **** /**
 125:Drivers/CMSIS/Include/cmsis_gcc.h ****   \brief   Enable IRQ Interrupts
 126:Drivers/CMSIS/Include/cmsis_gcc.h ****   \details Enables IRQ interrupts by clearing the I-bit in the CPSR.
 127:Drivers/CMSIS/Include/cmsis_gcc.h ****            Can only be executed in Privileged modes.
 128:Drivers/CMSIS/Include/cmsis_gcc.h ****  */
 129:Drivers/CMSIS/Include/cmsis_gcc.h **** __STATIC_FORCEINLINE void __enable_irq(void)
 130:Drivers/CMSIS/Include/cmsis_gcc.h **** {
 131:Drivers/CMSIS/Include/cmsis_gcc.h ****   __ASM volatile ("cpsie i" : : : "memory");
 132:Drivers/CMSIS/Include/cmsis_gcc.h **** }
 133:Drivers/CMSIS/Include/cmsis_gcc.h **** 
 134:Drivers/CMSIS/Include/cmsis_gcc.h **** 
 135:Drivers/CMSIS/Include/cmsis_gcc.h **** /**
 136:Drivers/CMSIS/Include/cmsis_gcc.h ****   \brief   Disable IRQ Interrupts
 137:Drivers/CMSIS/Include/cmsis_gcc.h ****   \details Disables IRQ interrupts by setting the I-bit in the CPSR.
 138:Drivers/CMSIS/Include/cmsis_gcc.h ****            Can only be executed in Privileged modes.
 139:Drivers/CMSIS/Include/cmsis_gcc.h ****  */
 140:Drivers/CMSIS/Include/cmsis_gcc.h **** __STATIC_FORCEINLINE void __disable_irq(void)
 1003              		.loc 2 140 27 view .LVU197
 1004              	.LBB20:
 141:Drivers/CMSIS/Include/cmsis_gcc.h **** {
 142:Drivers/CMSIS/Include/cmsis_gcc.h ****   __ASM volatile ("cpsid i" : : : "memory");
 1005              		.loc 2 142 3 view .LVU198
 1006              		.syntax unified
 1007              	@ 142 "Drivers/CMSIS/Include/cmsis_gcc.h" 1
 1008 0000 72B6     		cpsid i
 1009              	@ 0 "" 2
 1010              		.thumb
 1011              		.syntax unified
 1012              	.L66:
 1013              	.LBE20:
 1014              	.LBE19:
 459:Core/Src/main.c ****   while (1)
 1015              		.loc 1 459 3 discriminator 1 view .LVU199
 460:Core/Src/main.c ****   {
ARM GAS  /tmp/cctKnHFV.s 			page 32


 461:Core/Src/main.c ****   }
 1016              		.loc 1 461 3 discriminator 1 view .LVU200
 459:Core/Src/main.c ****   while (1)
 1017              		.loc 1 459 9 discriminator 1 view .LVU201
 1018 0002 FEE7     		b	.L66
 1019              		.cfi_endproc
 1020              	.LFE77:
 1022              		.section	.text.MX_SPI1_Init,"ax",%progbits
 1023              		.align	1
 1024              		.syntax unified
 1025              		.thumb
 1026              		.thumb_func
 1027              		.fpu softvfp
 1029              	MX_SPI1_Init:
 1030              	.LFB75:
 383:Core/Src/main.c **** 
 1031              		.loc 1 383 1 view -0
 1032              		.cfi_startproc
 1033              		@ args = 0, pretend = 0, frame = 0
 1034              		@ frame_needed = 0, uses_anonymous_args = 0
 1035 0000 08B5     		push	{r3, lr}
 1036              	.LCFI25:
 1037              		.cfi_def_cfa_offset 8
 1038              		.cfi_offset 3, -8
 1039              		.cfi_offset 14, -4
 393:Core/Src/main.c ****   hspi1.Init.Mode = SPI_MODE_MASTER;
 1040              		.loc 1 393 3 view .LVU203
 393:Core/Src/main.c ****   hspi1.Init.Mode = SPI_MODE_MASTER;
 1041              		.loc 1 393 18 is_stmt 0 view .LVU204
 1042 0002 0D48     		ldr	r0, .L71
 1043 0004 0D4B     		ldr	r3, .L71+4
 1044 0006 0360     		str	r3, [r0]
 394:Core/Src/main.c ****   hspi1.Init.Direction = SPI_DIRECTION_2LINES;
 1045              		.loc 1 394 3 is_stmt 1 view .LVU205
 394:Core/Src/main.c ****   hspi1.Init.Direction = SPI_DIRECTION_2LINES;
 1046              		.loc 1 394 19 is_stmt 0 view .LVU206
 1047 0008 4FF48273 		mov	r3, #260
 1048 000c 4360     		str	r3, [r0, #4]
 395:Core/Src/main.c ****   hspi1.Init.DataSize = SPI_DATASIZE_8BIT;
 1049              		.loc 1 395 3 is_stmt 1 view .LVU207
 395:Core/Src/main.c ****   hspi1.Init.DataSize = SPI_DATASIZE_8BIT;
 1050              		.loc 1 395 24 is_stmt 0 view .LVU208
 1051 000e 0023     		movs	r3, #0
 1052 0010 8360     		str	r3, [r0, #8]
 396:Core/Src/main.c ****   hspi1.Init.CLKPolarity = SPI_POLARITY_LOW;
 1053              		.loc 1 396 3 is_stmt 1 view .LVU209
 396:Core/Src/main.c ****   hspi1.Init.CLKPolarity = SPI_POLARITY_LOW;
 1054              		.loc 1 396 23 is_stmt 0 view .LVU210
 1055 0012 C360     		str	r3, [r0, #12]
 397:Core/Src/main.c ****   hspi1.Init.CLKPhase = SPI_PHASE_1EDGE;
 1056              		.loc 1 397 3 is_stmt 1 view .LVU211
 397:Core/Src/main.c ****   hspi1.Init.CLKPhase = SPI_PHASE_1EDGE;
 1057              		.loc 1 397 26 is_stmt 0 view .LVU212
 1058 0014 0361     		str	r3, [r0, #16]
 398:Core/Src/main.c ****   hspi1.Init.NSS = SPI_NSS_SOFT;
 1059              		.loc 1 398 3 is_stmt 1 view .LVU213
 398:Core/Src/main.c ****   hspi1.Init.NSS = SPI_NSS_SOFT;
ARM GAS  /tmp/cctKnHFV.s 			page 33


 1060              		.loc 1 398 23 is_stmt 0 view .LVU214
 1061 0016 4361     		str	r3, [r0, #20]
 399:Core/Src/main.c ****   hspi1.Init.BaudRatePrescaler = SPI_BAUDRATEPRESCALER_2;
 1062              		.loc 1 399 3 is_stmt 1 view .LVU215
 399:Core/Src/main.c ****   hspi1.Init.BaudRatePrescaler = SPI_BAUDRATEPRESCALER_2;
 1063              		.loc 1 399 18 is_stmt 0 view .LVU216
 1064 0018 4FF40072 		mov	r2, #512
 1065 001c 8261     		str	r2, [r0, #24]
 400:Core/Src/main.c ****   hspi1.Init.FirstBit = SPI_FIRSTBIT_MSB;
 1066              		.loc 1 400 3 is_stmt 1 view .LVU217
 400:Core/Src/main.c ****   hspi1.Init.FirstBit = SPI_FIRSTBIT_MSB;
 1067              		.loc 1 400 32 is_stmt 0 view .LVU218
 1068 001e C361     		str	r3, [r0, #28]
 401:Core/Src/main.c ****   hspi1.Init.TIMode = SPI_TIMODE_DISABLE;
 1069              		.loc 1 401 3 is_stmt 1 view .LVU219
 401:Core/Src/main.c ****   hspi1.Init.TIMode = SPI_TIMODE_DISABLE;
 1070              		.loc 1 401 23 is_stmt 0 view .LVU220
 1071 0020 0362     		str	r3, [r0, #32]
 402:Core/Src/main.c ****   hspi1.Init.CRCCalculation = SPI_CRCCALCULATION_DISABLE;
 1072              		.loc 1 402 3 is_stmt 1 view .LVU221
 402:Core/Src/main.c ****   hspi1.Init.CRCCalculation = SPI_CRCCALCULATION_DISABLE;
 1073              		.loc 1 402 21 is_stmt 0 view .LVU222
 1074 0022 4362     		str	r3, [r0, #36]
 403:Core/Src/main.c ****   hspi1.Init.CRCPolynomial = 10;
 1075              		.loc 1 403 3 is_stmt 1 view .LVU223
 403:Core/Src/main.c ****   hspi1.Init.CRCPolynomial = 10;
 1076              		.loc 1 403 29 is_stmt 0 view .LVU224
 1077 0024 8362     		str	r3, [r0, #40]
 404:Core/Src/main.c ****   if (HAL_SPI_Init(&hspi1) != HAL_OK)
 1078              		.loc 1 404 3 is_stmt 1 view .LVU225
 404:Core/Src/main.c ****   if (HAL_SPI_Init(&hspi1) != HAL_OK)
 1079              		.loc 1 404 28 is_stmt 0 view .LVU226
 1080 0026 0A23     		movs	r3, #10
 1081 0028 C362     		str	r3, [r0, #44]
 405:Core/Src/main.c ****   {
 1082              		.loc 1 405 3 is_stmt 1 view .LVU227
 405:Core/Src/main.c ****   {
 1083              		.loc 1 405 7 is_stmt 0 view .LVU228
 1084 002a FFF7FEFF 		bl	HAL_SPI_Init
 1085              	.LVL95:
 405:Core/Src/main.c ****   {
 1086              		.loc 1 405 6 view .LVU229
 1087 002e 00B9     		cbnz	r0, .L70
 413:Core/Src/main.c **** 
 1088              		.loc 1 413 1 view .LVU230
 1089 0030 08BD     		pop	{r3, pc}
 1090              	.L70:
 407:Core/Src/main.c ****   }
 1091              		.loc 1 407 5 is_stmt 1 view .LVU231
 1092 0032 FFF7FEFF 		bl	Error_Handler
 1093              	.LVL96:
 1094              	.L72:
 1095 0036 00BF     		.align	2
 1096              	.L71:
 1097 0038 00000000 		.word	.LANCHOR0
 1098 003c 00300140 		.word	1073819648
 1099              		.cfi_endproc
ARM GAS  /tmp/cctKnHFV.s 			page 34


 1100              	.LFE75:
 1102              		.section	.text.SystemClock_Config,"ax",%progbits
 1103              		.align	1
 1104              		.global	SystemClock_Config
 1105              		.syntax unified
 1106              		.thumb
 1107              		.thumb_func
 1108              		.fpu softvfp
 1110              	SystemClock_Config:
 1111              	.LFB74:
 346:Core/Src/main.c ****   RCC_OscInitTypeDef RCC_OscInitStruct = {0};
 1112              		.loc 1 346 1 view -0
 1113              		.cfi_startproc
 1114              		@ args = 0, pretend = 0, frame = 64
 1115              		@ frame_needed = 0, uses_anonymous_args = 0
 1116 0000 00B5     		push	{lr}
 1117              	.LCFI26:
 1118              		.cfi_def_cfa_offset 4
 1119              		.cfi_offset 14, -4
 1120 0002 91B0     		sub	sp, sp, #68
 1121              	.LCFI27:
 1122              		.cfi_def_cfa_offset 72
 347:Core/Src/main.c ****   RCC_ClkInitTypeDef RCC_ClkInitStruct = {0};
 1123              		.loc 1 347 3 view .LVU233
 347:Core/Src/main.c ****   RCC_ClkInitTypeDef RCC_ClkInitStruct = {0};
 1124              		.loc 1 347 22 is_stmt 0 view .LVU234
 1125 0004 2822     		movs	r2, #40
 1126 0006 0021     		movs	r1, #0
 1127 0008 06A8     		add	r0, sp, #24
 1128 000a FFF7FEFF 		bl	memset
 1129              	.LVL97:
 348:Core/Src/main.c **** 
 1130              		.loc 1 348 3 is_stmt 1 view .LVU235
 348:Core/Src/main.c **** 
 1131              		.loc 1 348 22 is_stmt 0 view .LVU236
 1132 000e 0023     		movs	r3, #0
 1133 0010 0193     		str	r3, [sp, #4]
 1134 0012 0293     		str	r3, [sp, #8]
 1135 0014 0393     		str	r3, [sp, #12]
 1136 0016 0493     		str	r3, [sp, #16]
 1137 0018 0593     		str	r3, [sp, #20]
 353:Core/Src/main.c ****   RCC_OscInitStruct.HSIState = RCC_HSI_ON;
 1138              		.loc 1 353 3 is_stmt 1 view .LVU237
 353:Core/Src/main.c ****   RCC_OscInitStruct.HSIState = RCC_HSI_ON;
 1139              		.loc 1 353 36 is_stmt 0 view .LVU238
 1140 001a 0223     		movs	r3, #2
 1141 001c 0693     		str	r3, [sp, #24]
 354:Core/Src/main.c ****   RCC_OscInitStruct.HSICalibrationValue = RCC_HSICALIBRATION_DEFAULT;
 1142              		.loc 1 354 3 is_stmt 1 view .LVU239
 354:Core/Src/main.c ****   RCC_OscInitStruct.HSICalibrationValue = RCC_HSICALIBRATION_DEFAULT;
 1143              		.loc 1 354 30 is_stmt 0 view .LVU240
 1144 001e 0123     		movs	r3, #1
 1145 0020 0A93     		str	r3, [sp, #40]
 355:Core/Src/main.c ****   RCC_OscInitStruct.PLL.PLLState = RCC_PLL_NONE;
 1146              		.loc 1 355 3 is_stmt 1 view .LVU241
 355:Core/Src/main.c ****   RCC_OscInitStruct.PLL.PLLState = RCC_PLL_NONE;
 1147              		.loc 1 355 41 is_stmt 0 view .LVU242
ARM GAS  /tmp/cctKnHFV.s 			page 35


 1148 0022 1023     		movs	r3, #16
 1149 0024 0B93     		str	r3, [sp, #44]
 356:Core/Src/main.c ****   if (HAL_RCC_OscConfig(&RCC_OscInitStruct) != HAL_OK)
 1150              		.loc 1 356 3 is_stmt 1 view .LVU243
 357:Core/Src/main.c ****   {
 1151              		.loc 1 357 3 view .LVU244
 357:Core/Src/main.c ****   {
 1152              		.loc 1 357 7 is_stmt 0 view .LVU245
 1153 0026 06A8     		add	r0, sp, #24
 1154 0028 FFF7FEFF 		bl	HAL_RCC_OscConfig
 1155              	.LVL98:
 357:Core/Src/main.c ****   {
 1156              		.loc 1 357 6 view .LVU246
 1157 002c 68B9     		cbnz	r0, .L77
 364:Core/Src/main.c ****                               |RCC_CLOCKTYPE_PCLK1|RCC_CLOCKTYPE_PCLK2;
 1158              		.loc 1 364 3 is_stmt 1 view .LVU247
 364:Core/Src/main.c ****                               |RCC_CLOCKTYPE_PCLK1|RCC_CLOCKTYPE_PCLK2;
 1159              		.loc 1 364 31 is_stmt 0 view .LVU248
 1160 002e 0F23     		movs	r3, #15
 1161 0030 0193     		str	r3, [sp, #4]
 366:Core/Src/main.c ****   RCC_ClkInitStruct.AHBCLKDivider = RCC_SYSCLK_DIV1;
 1162              		.loc 1 366 3 is_stmt 1 view .LVU249
 366:Core/Src/main.c ****   RCC_ClkInitStruct.AHBCLKDivider = RCC_SYSCLK_DIV1;
 1163              		.loc 1 366 34 is_stmt 0 view .LVU250
 1164 0032 0021     		movs	r1, #0
 1165 0034 0291     		str	r1, [sp, #8]
 367:Core/Src/main.c ****   RCC_ClkInitStruct.APB1CLKDivider = RCC_HCLK_DIV1;
 1166              		.loc 1 367 3 is_stmt 1 view .LVU251
 367:Core/Src/main.c ****   RCC_ClkInitStruct.APB1CLKDivider = RCC_HCLK_DIV1;
 1167              		.loc 1 367 35 is_stmt 0 view .LVU252
 1168 0036 0391     		str	r1, [sp, #12]
 368:Core/Src/main.c ****   RCC_ClkInitStruct.APB2CLKDivider = RCC_HCLK_DIV1;
 1169              		.loc 1 368 3 is_stmt 1 view .LVU253
 368:Core/Src/main.c ****   RCC_ClkInitStruct.APB2CLKDivider = RCC_HCLK_DIV1;
 1170              		.loc 1 368 36 is_stmt 0 view .LVU254
 1171 0038 0491     		str	r1, [sp, #16]
 369:Core/Src/main.c **** 
 1172              		.loc 1 369 3 is_stmt 1 view .LVU255
 369:Core/Src/main.c **** 
 1173              		.loc 1 369 36 is_stmt 0 view .LVU256
 1174 003a 0591     		str	r1, [sp, #20]
 371:Core/Src/main.c ****   {
 1175              		.loc 1 371 3 is_stmt 1 view .LVU257
 371:Core/Src/main.c ****   {
 1176              		.loc 1 371 7 is_stmt 0 view .LVU258
 1177 003c 01A8     		add	r0, sp, #4
 1178 003e FFF7FEFF 		bl	HAL_RCC_ClockConfig
 1179              	.LVL99:
 371:Core/Src/main.c ****   {
 1180              		.loc 1 371 6 view .LVU259
 1181 0042 20B9     		cbnz	r0, .L78
 375:Core/Src/main.c **** 
 1182              		.loc 1 375 1 view .LVU260
 1183 0044 11B0     		add	sp, sp, #68
 1184              	.LCFI28:
 1185              		.cfi_remember_state
 1186              		.cfi_def_cfa_offset 4
ARM GAS  /tmp/cctKnHFV.s 			page 36


 1187              		@ sp needed
 1188 0046 5DF804FB 		ldr	pc, [sp], #4
 1189              	.L77:
 1190              	.LCFI29:
 1191              		.cfi_restore_state
 359:Core/Src/main.c ****   }
 1192              		.loc 1 359 5 is_stmt 1 view .LVU261
 1193 004a FFF7FEFF 		bl	Error_Handler
 1194              	.LVL100:
 1195              	.L78:
 373:Core/Src/main.c ****   }
 1196              		.loc 1 373 5 view .LVU262
 1197 004e FFF7FEFF 		bl	Error_Handler
 1198              	.LVL101:
 1199              		.cfi_endproc
 1200              	.LFE74:
 1202              		.section	.rodata.main.str1.4,"aMS",%progbits,1
 1203              		.align	2
 1204              	.LC0:
 1205 0000 48544E00 		.ascii	"HTN\000"
 1206              		.align	2
 1207              	.LC1:
 1208 0004 4E484F4D 		.ascii	"NHOM 2\000"
 1208      203200
 1209              		.section	.text.main,"ax",%progbits
 1210              		.align	1
 1211              		.global	main
 1212              		.syntax unified
 1213              		.thumb
 1214              		.thumb_func
 1215              		.fpu softvfp
 1217              	main:
 1218              	.LFB73:
 291:Core/Src/main.c **** 
 1219              		.loc 1 291 1 view -0
 1220              		.cfi_startproc
 1221              		@ Volatile: function does not return.
 1222              		@ args = 0, pretend = 0, frame = 0
 1223              		@ frame_needed = 0, uses_anonymous_args = 0
 1224 0000 00B5     		push	{lr}
 1225              	.LCFI30:
 1226              		.cfi_def_cfa_offset 4
 1227              		.cfi_offset 14, -4
 1228 0002 83B0     		sub	sp, sp, #12
 1229              	.LCFI31:
 1230              		.cfi_def_cfa_offset 16
 300:Core/Src/main.c **** 
 1231              		.loc 1 300 3 view .LVU264
 1232 0004 FFF7FEFF 		bl	HAL_Init
 1233              	.LVL102:
 307:Core/Src/main.c **** 
 1234              		.loc 1 307 3 view .LVU265
 1235 0008 FFF7FEFF 		bl	SystemClock_Config
 1236              	.LVL103:
 314:Core/Src/main.c ****   MX_SPI1_Init();
 1237              		.loc 1 314 3 view .LVU266
 1238 000c FFF7FEFF 		bl	MX_GPIO_Init
ARM GAS  /tmp/cctKnHFV.s 			page 37


 1239              	.LVL104:
 315:Core/Src/main.c ****   /* USER CODE BEGIN 2 */
 1240              		.loc 1 315 3 view .LVU267
 1241 0010 FFF7FEFF 		bl	MX_SPI1_Init
 1242              	.LVL105:
 317:Core/Src/main.c **** 
 1243              		.loc 1 317 1 view .LVU268
 1244 0014 FFF7FEFF 		bl	TFT_Init
 1245              	.LVL106:
 320:Core/Src/main.c **** 
 1246              		.loc 1 320 3 view .LVU269
 1247 0018 0020     		movs	r0, #0
 1248 001a FFF7FEFF 		bl	TFT_FillScreen
 1249              	.LVL107:
 323:Core/Src/main.c **** 
 1250              		.loc 1 323 3 view .LVU270
 1251 001e 0323     		movs	r3, #3
 1252 0020 0193     		str	r3, [sp, #4]
 1253 0022 0024     		movs	r4, #0
 1254 0024 0094     		str	r4, [sp]
 1255 0026 4FF6E073 		movw	r3, #65504
 1256 002a 084A     		ldr	r2, .L82
 1257 002c 2821     		movs	r1, #40
 1258 002e 2320     		movs	r0, #35
 1259 0030 FFF7FEFF 		bl	TFT_PrintString
 1260              	.LVL108:
 327:Core/Src/main.c ****   /* USER CODE END 2 */
 1261              		.loc 1 327 3 view .LVU271
 1262 0034 0223     		movs	r3, #2
 1263 0036 0193     		str	r3, [sp, #4]
 1264 0038 0094     		str	r4, [sp]
 1265 003a 4FF6FF73 		movw	r3, #65535
 1266 003e 044A     		ldr	r2, .L82+4
 1267 0040 5521     		movs	r1, #85
 1268 0042 1420     		movs	r0, #20
 1269 0044 FFF7FEFF 		bl	TFT_PrintString
 1270              	.LVL109:
 1271              	.L80:
 332:Core/Src/main.c ****   {
 1272              		.loc 1 332 3 discriminator 1 view .LVU272
 337:Core/Src/main.c ****   /* USER CODE END 3 */
 1273              		.loc 1 337 3 discriminator 1 view .LVU273
 332:Core/Src/main.c ****   {
 1274              		.loc 1 332 9 discriminator 1 view .LVU274
 1275 0048 FEE7     		b	.L80
 1276              	.L83:
 1277 004a 00BF     		.align	2
 1278              	.L82:
 1279 004c 00000000 		.word	.LC0
 1280 0050 04000000 		.word	.LC1
 1281              		.cfi_endproc
 1282              	.LFE73:
 1284              		.global	Font5x7
 1285              		.global	hspi1
 1286              		.section	.bss.hspi1,"aw",%nobits
 1287              		.align	2
 1288              		.set	.LANCHOR0,. + 0
ARM GAS  /tmp/cctKnHFV.s 			page 38


 1291              	hspi1:
 1292 0000 00000000 		.space	88
 1292      00000000 
 1292      00000000 
 1292      00000000 
 1292      00000000 
 1293              		.section	.rodata.Font5x7,"a"
 1294              		.align	2
 1295              		.set	.LANCHOR1,. + 0
 1298              	Font5x7:
 1299 0000 00000000 		.ascii	"\000\000\000\000\000"
 1299      00
 1300 0005 00005F00 		.ascii	"\000\000_\000\000"
 1300      00
 1301 000a 00070007 		.ascii	"\000\007\000\007\000"
 1301      00
 1302 000f 147F147F 		.ascii	"\024\177\024\177\024"
 1302      14
 1303 0014 242A7F2A 		.ascii	"$*\177*\022"
 1303      12
 1304 0019 23130864 		.ascii	"#\023\010db"
 1304      62
 1305 001e 36495522 		.ascii	"6IU\"P"
 1305      50
 1306 0023 00050300 		.ascii	"\000\005\003\000\000"
 1306      00
 1307 0028 001C2241 		.ascii	"\000\034\"A\000"
 1307      00
 1308 002d 0041221C 		.ascii	"\000A\"\034\000"
 1308      00
 1309 0032 14083E08 		.ascii	"\024\010>\010\024"
 1309      14
 1310 0037 08083E08 		.ascii	"\010\010>\010\010"
 1310      08
 1311 003c 00503000 		.ascii	"\000P0\000\000"
 1311      00
 1312 0041 08080808 		.ascii	"\010\010\010\010\010"
 1312      08
 1313 0046 00606000 		.ascii	"\000``\000\000"
 1313      00
 1314 004b 20100804 		.ascii	" \020\010\004\002"
 1314      02
 1315 0050 3E514945 		.ascii	">QIE>"
 1315      3E
 1316 0055 00427F40 		.ascii	"\000B\177@\000"
 1316      00
 1317 005a 42615149 		.ascii	"BaQIF"
 1317      46
 1318 005f 2141454B 		.ascii	"!AEK1"
 1318      31
 1319 0064 1814127F 		.ascii	"\030\024\022\177\020"
 1319      10
 1320 0069 27454545 		.ascii	"'EEE9"
 1320      39
 1321 006e 3C4A4949 		.ascii	"<JII0"
 1321      30
 1322 0073 01710905 		.ascii	"\001q\011\005\003"
ARM GAS  /tmp/cctKnHFV.s 			page 39


 1322      03
 1323 0078 36494949 		.ascii	"6III6"
 1323      36
 1324 007d 06494929 		.ascii	"\006II)\036"
 1324      1E
 1325 0082 00363600 		.ascii	"\00066\000\000"
 1325      00
 1326 0087 00563600 		.ascii	"\000V6\000\000"
 1326      00
 1327 008c 08142241 		.ascii	"\010\024\"A\200"
 1327      80
 1328 0091 14141414 		.ascii	"\024\024\024\024\024"
 1328      14
 1329 0096 80412214 		.ascii	"\200A\"\024\010"
 1329      08
 1330 009b 02015109 		.ascii	"\002\001Q\011\006"
 1330      06
 1331 00a0 32497941 		.ascii	"2IyA>"
 1331      3E
 1332 00a5 7E111111 		.ascii	"~\021\021\021~"
 1332      7E
 1333 00aa 7F494949 		.ascii	"\177III6"
 1333      36
 1334 00af 3E414141 		.ascii	">AAA\""
 1334      22
 1335 00b4 7F414122 		.ascii	"\177AA\"\034"
 1335      1C
 1336 00b9 7F494949 		.ascii	"\177IIIA"
 1336      41
 1337 00be 7F090909 		.ascii	"\177\011\011\011\001"
 1337      01
 1338 00c3 3E414949 		.ascii	">AIIz"
 1338      7A
 1339 00c8 7F080808 		.ascii	"\177\010\010\010\177"
 1339      7F
 1340 00cd 00417F41 		.ascii	"\000A\177A\000"
 1340      00
 1341 00d2 2040413F 		.ascii	" @A?\001"
 1341      01
 1342 00d7 7F081422 		.ascii	"\177\010\024\"A"
 1342      41
 1343 00dc 7F404040 		.ascii	"\177@@@@"
 1343      40
 1344 00e1 7F020C02 		.ascii	"\177\002\014\002\177"
 1344      7F
 1345 00e6 7F040810 		.ascii	"\177\004\010\020\177"
 1345      7F
 1346 00eb 3E414141 		.ascii	">AAA>"
 1346      3E
 1347 00f0 7F090909 		.ascii	"\177\011\011\011\006"
 1347      06
 1348 00f5 3E415121 		.ascii	">AQ!^"
 1348      5E
 1349 00fa 7F091929 		.ascii	"\177\011\031)F"
 1349      46
 1350 00ff 46494949 		.ascii	"FIII1"
 1350      31
ARM GAS  /tmp/cctKnHFV.s 			page 40


 1351 0104 01017F01 		.ascii	"\001\001\177\001\001"
 1351      01
 1352 0109 3F404040 		.ascii	"?@@@?"
 1352      3F
 1353 010e 1F204020 		.ascii	"\037 @ \037"
 1353      1F
 1354 0113 3F403840 		.ascii	"?@8@?"
 1354      3F
 1355 0118 63140814 		.ascii	"c\024\010\024c"
 1355      63
 1356 011d 07087008 		.ascii	"\007\010p\010\007"
 1356      07
 1357 0122 61514945 		.ascii	"aQIEC"
 1357      43
 1358 0127 007F4141 		.ascii	"\000\177AA\000"
 1358      00
 1359 012c 02040810 		.ascii	"\002\004\010\020 "
 1359      20
 1360 0131 04020102 		.ascii	"\004\002\001\002\004"
 1360      04
 1361 0136 40404040 		.ascii	"@@@@@"
 1361      40
 1362 013b 00010204 		.ascii	"\000\001\002\004\000"
 1362      00
 1363 0140 20545454 		.ascii	" TTTx"
 1363      78
 1364 0145 7F484444 		.ascii	"\177HDD8"
 1364      38
 1365 014a 38444444 		.ascii	"8DDD "
 1365      20
 1366 014f 38444448 		.ascii	"8DDH\177"
 1366      7F
 1367 0154 38545454 		.ascii	"8TTT\030"
 1367      18
 1368 0159 087E0901 		.ascii	"\010~\011\001\002"
 1368      02
 1369 015e 0C525252 		.ascii	"\014RRR>"
 1369      3E
 1370 0163 7F080404 		.ascii	"\177\010\004\004x"
 1370      78
 1371 0168 00447D40 		.ascii	"\000D}@\000"
 1371      00
 1372 016d 2040443D 		.ascii	" @D=\000"
 1372      00
 1373 0172 7F102844 		.ascii	"\177\020(D\000"
 1373      00
 1374 0177 00417F40 		.ascii	"\000A\177@\000"
 1374      00
 1375 017c 7C041804 		.ascii	"|\004\030\004x"
 1375      78
 1376 0181 7C080404 		.ascii	"|\010\004\004x"
 1376      78
 1377 0186 38444444 		.ascii	"8DDD8"
 1377      38
 1378 018b 7C141414 		.ascii	"|\024\024\024\010"
 1378      08
 1379 0190 08141418 		.ascii	"\010\024\024\030|"
ARM GAS  /tmp/cctKnHFV.s 			page 41


 1379      7C
 1380 0195 7C080404 		.ascii	"|\010\004\004\010"
 1380      08
 1381 019a 48545454 		.ascii	"HTTT "
 1381      20
 1382 019f 043F4440 		.ascii	"\004?D@ "
 1382      20
 1383 01a4 3C404020 		.ascii	"<@@ |"
 1383      7C
 1384 01a9 1C204020 		.ascii	"\034 @ \034"
 1384      1C
 1385 01ae 3C403040 		.ascii	"<@0@<"
 1385      3C
 1386 01b3 44281028 		.ascii	"D(\020(D"
 1386      44
 1387 01b8 0C505050 		.ascii	"\014PPP<"
 1387      3C
 1388 01bd 4464544C 		.ascii	"DdTLD"
 1388      44
 1389              		.text
 1390              	.Letext0:
 1391              		.file 3 "/usr/lib/gcc/arm-none-eabi/10.3.1/include/stdint.h"
 1392              		.file 4 "Drivers/CMSIS/Device/ST/STM32F1xx/Include/stm32f103xb.h"
 1393              		.file 5 "Drivers/STM32F1xx_HAL_Driver/Inc/stm32f1xx_hal_def.h"
 1394              		.file 6 "Drivers/STM32F1xx_HAL_Driver/Inc/stm32f1xx_hal_rcc.h"
 1395              		.file 7 "Drivers/STM32F1xx_HAL_Driver/Inc/stm32f1xx_hal_rcc_ex.h"
 1396              		.file 8 "Drivers/STM32F1xx_HAL_Driver/Inc/stm32f1xx_hal_gpio.h"
 1397              		.file 9 "Drivers/STM32F1xx_HAL_Driver/Inc/stm32f1xx_hal_dma.h"
 1398              		.file 10 "Drivers/STM32F1xx_HAL_Driver/Inc/stm32f1xx_hal_spi.h"
 1399              		.file 11 "Drivers/STM32F1xx_HAL_Driver/Inc/stm32f1xx_hal.h"
 1400              		.file 12 "<built-in>"
ARM GAS  /tmp/cctKnHFV.s 			page 42


DEFINED SYMBOLS
                            *ABS*:0000000000000000 main.c
     /tmp/cctKnHFV.s:16     .text.MX_GPIO_Init:0000000000000000 $t
     /tmp/cctKnHFV.s:23     .text.MX_GPIO_Init:0000000000000000 MX_GPIO_Init
     /tmp/cctKnHFV.s:113    .text.MX_GPIO_Init:000000000000005c $d
     /tmp/cctKnHFV.s:119    .text.TFT_WriteCmd:0000000000000000 $t
     /tmp/cctKnHFV.s:126    .text.TFT_WriteCmd:0000000000000000 TFT_WriteCmd
     /tmp/cctKnHFV.s:180    .text.TFT_WriteCmd:000000000000003c $d
     /tmp/cctKnHFV.s:186    .text.TFT_WriteData:0000000000000000 $t
     /tmp/cctKnHFV.s:193    .text.TFT_WriteData:0000000000000000 TFT_WriteData
     /tmp/cctKnHFV.s:247    .text.TFT_WriteData:000000000000003c $d
     /tmp/cctKnHFV.s:253    .text.TFT_SetAddressWindow:0000000000000000 $t
     /tmp/cctKnHFV.s:260    .text.TFT_SetAddressWindow:0000000000000000 TFT_SetAddressWindow
     /tmp/cctKnHFV.s:333    .text.TFT_Init:0000000000000000 $t
     /tmp/cctKnHFV.s:340    .text.TFT_Init:0000000000000000 TFT_Init
     /tmp/cctKnHFV.s:417    .text.TFT_Init:0000000000000064 $d
     /tmp/cctKnHFV.s:422    .text.TFT_DrawPixel:0000000000000000 $t
     /tmp/cctKnHFV.s:429    .text.TFT_DrawPixel:0000000000000000 TFT_DrawPixel
     /tmp/cctKnHFV.s:518    .text.TFT_DrawPixel:0000000000000058 $d
     /tmp/cctKnHFV.s:524    .text.TFT_FillScreen:0000000000000000 $t
     /tmp/cctKnHFV.s:531    .text.TFT_FillScreen:0000000000000000 TFT_FillScreen
     /tmp/cctKnHFV.s:620    .text.TFT_FillScreen:000000000000005c $d
     /tmp/cctKnHFV.s:626    .text.TFT_DrawChar:0000000000000000 $t
     /tmp/cctKnHFV.s:633    .text.TFT_DrawChar:0000000000000000 TFT_DrawChar
     /tmp/cctKnHFV.s:904    .text.TFT_DrawChar:000000000000010c $d
     /tmp/cctKnHFV.s:909    .text.TFT_PrintString:0000000000000000 $t
     /tmp/cctKnHFV.s:916    .text.TFT_PrintString:0000000000000000 TFT_PrintString
     /tmp/cctKnHFV.s:984    .text.Error_Handler:0000000000000000 $t
     /tmp/cctKnHFV.s:991    .text.Error_Handler:0000000000000000 Error_Handler
     /tmp/cctKnHFV.s:1023   .text.MX_SPI1_Init:0000000000000000 $t
     /tmp/cctKnHFV.s:1029   .text.MX_SPI1_Init:0000000000000000 MX_SPI1_Init
     /tmp/cctKnHFV.s:1097   .text.MX_SPI1_Init:0000000000000038 $d
     /tmp/cctKnHFV.s:1103   .text.SystemClock_Config:0000000000000000 $t
     /tmp/cctKnHFV.s:1110   .text.SystemClock_Config:0000000000000000 SystemClock_Config
     /tmp/cctKnHFV.s:1203   .rodata.main.str1.4:0000000000000000 $d
     /tmp/cctKnHFV.s:1210   .text.main:0000000000000000 $t
     /tmp/cctKnHFV.s:1217   .text.main:0000000000000000 main
     /tmp/cctKnHFV.s:1279   .text.main:000000000000004c $d
     /tmp/cctKnHFV.s:1298   .rodata.Font5x7:0000000000000000 Font5x7
     /tmp/cctKnHFV.s:1291   .bss.hspi1:0000000000000000 hspi1
     /tmp/cctKnHFV.s:1287   .bss.hspi1:0000000000000000 $d
     /tmp/cctKnHFV.s:1294   .rodata.Font5x7:0000000000000000 $d

UNDEFINED SYMBOLS
HAL_GPIO_WritePin
HAL_GPIO_Init
HAL_SPI_Transmit
HAL_Delay
HAL_SPI_Init
memset
HAL_RCC_OscConfig
HAL_RCC_ClockConfig
HAL_Init
